category,metric,value,n,pct
doorlock,attack_vector,Network,18,50.0
doorlock,attack_vector,Adjacent,10,27.8
doorlock,attack_vector,Local,1,2.8
doorlock,attack_vector,Physical,7,19.4
doorlock,attack_complexity,Low,32,88.9
doorlock,attack_complexity,High,4,11.1
doorlock,privileges_required,None,31,86.1
doorlock,privileges_required,Low,5,13.9
doorlock,user_interaction,None,35,97.2
doorlock,user_interaction,Required,1,2.8
doorlock,scope,Unchanged,32,88.9
doorlock,scope,Changed,4,11.1
doorlock,confidentiality,High,21,58.3
doorlock,confidentiality,Low,2,5.6
doorlock,confidentiality,None,13,36.1
doorlock,integrity,High,21,58.3
doorlock,integrity,Low,6,16.7
doorlock,integrity,None,9,25.0
doorlock,availability,High,18,50.0
doorlock,availability,None,18,50.0
doorlock,impact_combination,C+I+A,13,36.1
doorlock,impact_combination,C+I,4,11.1
doorlock,impact_combination,I+A,2,5.6
doorlock,impact_combination,C,6,16.7
doorlock,impact_combination,I,8,22.2
doorlock,impact_combination,A,3,8.3
smartspeakers,attack_vector,Network,12,31.6
smartspeakers,attack_vector,Adjacent,18,47.4
smartspeakers,attack_vector,Local,1,2.6
smartspeakers,attack_vector,Physical,7,18.4
smartspeakers,attack_complexity,Low,35,92.1
smartspeakers,attack_complexity,High,3,7.9
smartspeakers,privileges_required,None,35,92.1
smartspeakers,privileges_required,Low,3,7.9
smartspeakers,user_interaction,None,32,84.2
smartspeakers,user_interaction,Required,6,15.8
smartspeakers,scope,Unchanged,35,92.1
smartspeakers,scope,Changed,3,7.9
smartspeakers,confidentiality,High,29,76.3
smartspeakers,confidentiality,Low,9,23.7
smartspeakers,integrity,High,24,63.2
smartspeakers,integrity,Low,5,13.2
smartspeakers,integrity,None,9,23.7
smartspeakers,availability,High,25,65.8
smartspeakers,availability,Low,1,2.6
smartspeakers,availability,None,12,31.6
smartspeakers,impact_combination,C+I+A,25,65.8
smartspeakers,impact_combination,C+I,4,10.5
smartspeakers,impact_combination,C+A,1,2.6
smartspeakers,impact_combination,C,8,21.1
doorbell,attack_vector,Network,34,75.6
doorbell,attack_vector,Adjacent,4,8.9
doorbell,attack_vector,Local,4,8.9
doorbell,attack_vector,Physical,3,6.7
doorbell,attack_complexity,Low,42,93.3
doorbell,attack_complexity,High,3,6.7
doorbell,privileges_required,None,36,80.0
doorbell,privileges_required,Low,8,17.8
doorbell,privileges_required,High,1,2.2
doorbell,user_interaction,None,45,100.0
doorbell,scope,Unchanged,44,97.8
doorbell,scope,Changed,1,2.2
doorbell,confidentiality,High,28,62.2
doorbell,confidentiality,Low,9,20.0
doorbell,confidentiality,None,8,17.8
doorbell,integrity,High,23,51.1
doorbell,integrity,Low,4,8.9
doorbell,integrity,None,18,40.0
doorbell,availability,High,16,35.6
doorbell,availability,Low,2,4.4
doorbell,availability,None,27,60.0
doorbell,impact_combination,C+I+A,15,33.3
doorbell,impact_combination,C+I,6,13.3
doorbell,impact_combination,I+A,1,2.2
doorbell,impact_combination,C,16,35.6
doorbell,impact_combination,I,5,11.1
doorbell,impact_combination,A,2,4.4
thermostat,attack_vector,Network,11,64.7
thermostat,attack_vector,Adjacent,4,23.5
thermostat,attack_vector,Local,1,5.9
thermostat,attack_vector,Physical,1,5.9
thermostat,attack_complexity,Low,15,88.2
thermostat,attack_complexity,High,2,11.8
thermostat,privileges_required,None,14,82.4
thermostat,privileges_required,Low,3,17.6
thermostat,user_interaction,None,14,82.4
thermostat,user_interaction,Required,3,17.6
thermostat,scope,Unchanged,16,94.1
thermostat,scope,Changed,1,5.9
thermostat,confidentiality,High,10,58.8
thermostat,confidentiality,Low,1,5.9
thermostat,confidentiality,None,6,35.3
thermostat,integrity,High,9,52.9
thermostat,integrity,Low,3,17.6
thermostat,integrity,None,5,29.4
thermostat,availability,High,10,58.8
thermostat,availability,None,7,41.2
thermostat,impact_combination,C+I+A,7,41.2
thermostat,impact_combination,C+I,1,5.9
thermostat,impact_combination,I+A,1,5.9
thermostat,impact_combination,C,3,17.6
thermostat,impact_combination,I,3,17.6
thermostat,impact_combination,A,2,11.8
babymonitor,attack_vector,Network,12,66.7
babymonitor,attack_vector,Adjacent,2,11.1
babymonitor,attack_vector,Local,3,16.7
babymonitor,attack_vector,Physical,1,5.6
babymonitor,attack_complexity,Low,16,88.9
babymonitor,attack_complexity,High,2,11.1
babymonitor,privileges_required,None,10,55.6
babymonitor,privileges_required,Low,7,38.9
babymonitor,privileges_required,High,1,5.6
babymonitor,user_interaction,None,18,100.0
babymonitor,scope,Unchanged,18,100.0
babymonitor,confidentiality,High,16,88.9
babymonitor,confidentiality,None,2,11.1
babymonitor,integrity,High,11,61.1
babymonitor,integrity,None,7,38.9
babymonitor,availability,High,10,55.6
babymonitor,availability,Low,1,5.6
babymonitor,availability,None,7,38.9
babymonitor,impact_combination,C+I+A,10,55.6
babymonitor,impact_combination,C,6,33.3
babymonitor,impact_combination,I,1,5.6
babymonitor,impact_combination,A,1,5.6
smartplugs,attack_vector,Network,20,64.5
smartplugs,attack_vector,Adjacent,9,29.0
smartplugs,attack_vector,Local,2,6.5
smartplugs,attack_complexity,Low,31,100.0
smartplugs,privileges_required,None,25,80.6
smartplugs,privileges_required,Low,5,16.1
smartplugs,privileges_required,High,1,3.2
smartplugs,user_interaction,None,25,80.6
smartplugs,user_interaction,Required,6,19.4
smartplugs,scope,Unchanged,28,90.3
smartplugs,scope,Changed,3,9.7
smartplugs,confidentiality,High,20,64.5
smartplugs,confidentiality,Low,4,12.9
smartplugs,confidentiality,None,7,22.6
smartplugs,integrity,High,13,41.9
smartplugs,integrity,Low,4,12.9
smartplugs,integrity,None,14,45.2
smartplugs,availability,High,16,51.6
smartplugs,availability,Low,2,6.5
smartplugs,availability,None,13,41.9
smartplugs,impact_combination,C+I+A,13,41.9
smartplugs,impact_combination,C+I,2,6.5
smartplugs,impact_combination,C,9,29.0
smartplugs,impact_combination,I,2,6.5
smartplugs,impact_combination,A,5,16.1
alarms,attack_vector,Network,60,69.8
alarms,attack_vector,Adjacent,16,18.6
alarms,attack_vector,Local,3,3.5
alarms,attack_vector,Physical,7,8.1
alarms,attack_complexity,Low,74,86.0
alarms,attack_complexity,High,12,14.0
alarms,privileges_required,None,68,79.1
alarms,privileges_required,Low,18,20.9
alarms,user_interaction,None,81,94.2
alarms,user_interaction,Required,5,5.8
alarms,scope,Unchanged,75,87.2
alarms,scope,Changed,11,12.8
alarms,confidentiality,High,60,69.8
alarms,confidentiality,Low,3,3.5
alarms,confidentiality,None,23,26.7
alarms,integrity,High,66,76.7
alarms,integrity,Low,5,5.8
alarms,integrity,None,15,17.4
alarms,availability,High,64,74.4
alarms,availability,Low,1,1.2
alarms,availability,None,21,24.4
alarms,impact_combination,C+I+A,53,61.6
alarms,impact_combination,C+I,5,5.8
alarms,impact_combination,I+A,2,2.3
alarms,impact_combination,C,5,5.8
alarms,impact_combination,I,11,12.8
alarms,impact_combination,A,10,11.6
robotvacuum,attack_vector,Network,14,51.9
robotvacuum,attack_vector,Adjacent,5,18.5
robotvacuum,attack_vector,Local,5,18.5
robotvacuum,attack_vector,Physical,3,11.1
robotvacuum,attack_complexity,Low,16,59.3
robotvacuum,attack_complexity,High,11,40.7
robotvacuum,privileges_required,None,20,74.1
robotvacuum,privileges_required,Low,5,18.5
robotvacuum,privileges_required,High,2,7.4
robotvacuum,user_interaction,None,26,96.3
robotvacuum,user_interaction,Required,1,3.7
robotvacuum,scope,Unchanged,24,88.9
robotvacuum,scope,Changed,3,11.1
robotvacuum,confidentiality,High,16,59.3
robotvacuum,confidentiality,Low,7,25.9
robotvacuum,confidentiality,None,4,14.8
robotvacuum,integrity,High,15,55.6
robotvacuum,integrity,Low,7,25.9
robotvacuum,integrity,None,5,18.5
robotvacuum,availability,High,9,33.3
robotvacuum,availability,Low,6,22.2
robotvacuum,availability,None,12,44.4
robotvacuum,impact_combination,C+I+A,14,51.9
robotvacuum,impact_combination,C+I,4,14.8
robotvacuum,impact_combination,I+A,1,3.7
robotvacuum,impact_combination,C,5,18.5
robotvacuum,impact_combination,I,3,11.1
fans,attack_vector,Adjacent,1,100.0
fans,attack_complexity,Low,1,100.0
fans,privileges_required,None,1,100.0
fans,user_interaction,None,1,100.0
fans,scope,Changed,1,100.0
fans,confidentiality,None,1,100.0
fans,integrity,None,1,100.0
fans,availability,High,1,100.0
fans,impact_combination,A,1,100.0
fridge,attack_vector,Network,2,66.7
fridge,attack_vector,Adjacent,1,33.3
fridge,attack_complexity,Low,3,100.0
fridge,privileges_required,None,3,100.0
fridge,user_interaction,None,2,66.7
fridge,user_interaction,Required,1,33.3
fridge,scope,Unchanged,2,66.7
fridge,scope,Changed,1,33.3
fridge,confidentiality,High,2,66.7
fridge,confidentiality,Low,1,33.3
fridge,integrity,High,1,33.3
fridge,integrity,Low,2,66.7
fridge,availability,High,1,33.3
fridge,availability,Low,1,33.3
fridge,availability,None,1,33.3
fridge,impact_combination,C+I+A,2,66.7
fridge,impact_combination,C+I,1,33.3
sensors,attack_vector,Network,2,50.0
sensors,attack_vector,Adjacent,2,50.0
sensors,attack_complexity,Low,4,100.0
sensors,privileges_required,None,4,100.0
sensors,user_interaction,None,3,75.0
sensors,user_interaction,Required,1,25.0
sensors,scope,Unchanged,4,100.0
sensors,confidentiality,High,2,50.0
sensors,confidentiality,None,2,50.0
sensors,integrity,High,2,50.0
sensors,integrity,None,2,50.0
sensors,availability,High,2,50.0
sensors,availability,Low,1,25.0
sensors,availability,None,1,25.0
sensors,impact_combination,C+I+A,1,25.0
sensors,impact_combination,I+A,1,25.0
sensors,impact_combination,C,1,25.0
sensors,impact_combination,A,1,25.0
airpurifier,attack_vector,Network,2,100.0
airpurifier,attack_complexity,Low,2,100.0
airpurifier,privileges_required,None,2,100.0
airpurifier,user_interaction,None,1,50.0
airpurifier,user_interaction,Required,1,50.0
airpurifier,scope,Unchanged,1,50.0
airpurifier,scope,Changed,1,50.0
airpurifier,confidentiality,High,1,50.0
airpurifier,confidentiality,Low,1,50.0
airpurifier,integrity,High,1,50.0
airpurifier,integrity,Low,1,50.0
airpurifier,availability,High,1,50.0
airpurifier,availability,None,1,50.0
airpurifier,impact_combination,C+I+A,1,50.0
airpurifier,impact_combination,C+I,1,50.0
lighting,attack_vector,Network,17,50.0
lighting,attack_vector,Adjacent,16,47.1
lighting,attack_vector,Physical,1,2.9
lighting,attack_complexity,Low,30,88.2
lighting,attack_complexity,High,4,11.8
lighting,privileges_required,None,31,91.2
lighting,privileges_required,Low,3,8.8
lighting,user_interaction,None,32,94.1
lighting,user_interaction,Required,2,5.9
lighting,scope,Unchanged,33,97.1
lighting,scope,Changed,1,2.9
lighting,confidentiality,High,21,61.8
lighting,confidentiality,Low,1,2.9
lighting,confidentiality,None,12,35.3
lighting,integrity,High,17,50.0
lighting,integrity,Low,2,5.9
lighting,integrity,None,15,44.1
lighting,availability,High,22,64.7
lighting,availability,Low,2,5.9
lighting,availability,None,10,29.4
lighting,impact_combination,C+I+A,13,38.2
lighting,impact_combination,C+I,3,8.8
lighting,impact_combination,I+A,2,5.9
lighting,impact_combination,C,6,17.6
lighting,impact_combination,I,1,2.9
lighting,impact_combination,A,9,26.5
appliances,attack_vector,Network,3,100.0
appliances,attack_complexity,Low,2,66.7
appliances,attack_complexity,High,1,33.3
appliances,privileges_required,None,3,100.0
appliances,user_interaction,None,2,66.7
appliances,user_interaction,Required,1,33.3
appliances,scope,Unchanged,3,100.0
appliances,confidentiality,High,2,66.7
appliances,confidentiality,None,1,33.3
appliances,integrity,High,3,100.0
appliances,availability,High,2,66.7
appliances,availability,None,1,33.3
appliances,impact_combination,C+I+A,2,66.7
appliances,impact_combination,I,1,33.3
hub,attack_vector,Network,205,84.4
hub,attack_vector,Adjacent,23,9.5
hub,attack_vector,Local,10,4.1
hub,attack_vector,Physical,5,2.1
hub,attack_complexity,Low,225,92.6
hub,attack_complexity,High,18,7.4
hub,privileges_required,None,78,32.1
hub,privileges_required,Low,159,65.4
hub,privileges_required,High,6,2.5
hub,user_interaction,None,225,92.6
hub,user_interaction,Required,18,7.4
hub,scope,Unchanged,111,45.7
hub,scope,Changed,132,54.3
hub,confidentiality,High,206,84.8
hub,confidentiality,Low,9,3.7
hub,confidentiality,None,28,11.5
hub,integrity,High,204,84.0
hub,integrity,Low,5,2.1
hub,integrity,None,34,14.0
hub,availability,High,201,82.7
hub,availability,Low,2,0.8
hub,availability,None,40,16.5
hub,impact_combination,C+I+A,183,75.3
hub,impact_combination,C+I,11,4.5
hub,impact_combination,I+A,7,2.9
hub,impact_combination,C,21,8.6
hub,impact_combination,I,8,3.3
hub,impact_combination,A,13,5.3
ev-charging,attack_vector,Network,36,50.7
ev-charging,attack_vector,Adjacent,31,43.7
ev-charging,attack_vector,Local,1,1.4
ev-charging,attack_vector,Physical,3,4.2
ev-charging,attack_complexity,Low,62,87.3
ev-charging,attack_complexity,High,9,12.7
ev-charging,privileges_required,None,53,74.6
ev-charging,privileges_required,Low,12,16.9
ev-charging,privileges_required,High,6,8.5
ev-charging,user_interaction,None,62,87.3
ev-charging,user_interaction,Required,9,12.7
ev-charging,scope,Unchanged,65,91.5
ev-charging,scope,Changed,6,8.5
ev-charging,confidentiality,High,44,62.0
ev-charging,confidentiality,Low,14,19.7
ev-charging,confidentiality,None,13,18.3
ev-charging,integrity,High,46,64.8
ev-charging,integrity,Low,9,12.7
ev-charging,integrity,None,16,22.5
ev-charging,availability,High,40,56.3
ev-charging,availability,Low,1,1.4
ev-charging,availability,None,30,42.3
ev-charging,impact_combination,C+I+A,35,49.3
ev-charging,impact_combination,C+I,8,11.3
ev-charging,impact_combination,C+A,1,1.4
ev-charging,impact_combination,I+A,4,5.6
ev-charging,impact_combination,C,14,19.7
ev-charging,impact_combination,I,8,11.3
ev-charging,impact_combination,A,1,1.4
home-power,attack_vector,Network,37,90.2
home-power,attack_vector,Adjacent,2,4.9
home-power,attack_vector,Physical,2,4.9
home-power,attack_complexity,Low,38,92.7
home-power,attack_complexity,High,3,7.3
home-power,privileges_required,None,34,82.9
home-power,privileges_required,Low,5,12.2
home-power,privileges_required,High,2,4.9
home-power,user_interaction,None,38,92.7
home-power,user_interaction,Required,3,7.3
home-power,scope,Unchanged,39,95.1
home-power,scope,Changed,2,4.9
home-power,confidentiality,High,32,78.0
home-power,confidentiality,Low,7,17.1
home-power,confidentiality,None,2,4.9
home-power,integrity,High,26,63.4
home-power,integrity,Low,2,4.9
home-power,integrity,None,13,31.7
home-power,availability,High,23,56.1
home-power,availability,None,18,43.9
home-power,impact_combination,C+I+A,23,56.1
home-power,impact_combination,C+I,3,7.3
home-power,impact_combination,C,13,31.7
home-power,impact_combination,I,2,4.9
garden,attack_vector,Network,14,73.7
garden,attack_vector,Adjacent,2,10.5
garden,attack_vector,Local,2,10.5
garden,attack_vector,Physical,1,5.3
garden,attack_complexity,Low,16,84.2
garden,attack_complexity,High,3,15.8
garden,privileges_required,None,15,78.9
garden,privileges_required,Low,3,15.8
garden,privileges_required,High,1,5.3
garden,user_interaction,None,15,78.9
garden,user_interaction,Required,4,21.1
garden,scope,Unchanged,16,84.2
garden,scope,Changed,3,15.8
garden,confidentiality,High,14,73.7
garden,confidentiality,Low,3,15.8
garden,confidentiality,None,2,10.5
garden,integrity,High,14,73.7
garden,integrity,Low,3,15.8
garden,integrity,None,2,10.5
garden,availability,High,11,57.9
garden,availability,Low,1,5.3
garden,availability,None,7,36.8
garden,impact_combination,C+I+A,12,63.2
garden,impact_combination,C+I,3,15.8
garden,impact_combination,C,2,10.5
garden,impact_combination,I,2,10.5
pet,attack_vector,Network,22,62.9
pet,attack_vector,Adjacent,5,14.3
pet,attack_vector,Local,1,2.9
pet,attack_vector,Physical,7,20.0
pet,attack_complexity,Low,22,62.9
pet,attack_complexity,High,13,37.1
pet,privileges_required,None,30,85.7
pet,privileges_required,Low,5,14.3
pet,user_interaction,None,35,100.0
pet,scope,Unchanged,35,100.0
pet,confidentiality,High,27,77.1
pet,confidentiality,Low,2,5.7
pet,confidentiality,None,6,17.1
pet,integrity,High,20,57.1
pet,integrity,Low,2,5.7
pet,integrity,None,13,37.1
pet,availability,High,22,62.9
pet,availability,Low,1,2.9
pet,availability,None,12,34.3
pet,impact_combination,C+I+A,17,48.6
pet,impact_combination,C+I,3,8.6
pet,impact_combination,C+A,1,2.9
pet,impact_combination,I+A,1,2.9
pet,impact_combination,C,8,22.9
pet,impact_combination,I,1,2.9
pet,impact_combination,A,4,11.4
streaming,attack_vector,Network,34,46.6
streaming,attack_vector,Adjacent,9,12.3
streaming,attack_vector,Local,28,38.4
streaming,attack_vector,Physical,2,2.7
streaming,attack_complexity,Low,67,91.8
streaming,attack_complexity,High,6,8.2
streaming,privileges_required,None,56,76.7
streaming,privileges_required,Low,17,23.3
streaming,user_interaction,None,50,68.5
streaming,user_interaction,Required,23,31.5
streaming,scope,Unchanged,69,94.5
streaming,scope,Changed,4,5.5
streaming,confidentiality,High,51,69.9
streaming,confidentiality,Low,2,2.7
streaming,confidentiality,None,20,27.4
streaming,integrity,High,47,64.4
streaming,integrity,Low,5,6.8
streaming,integrity,None,21,28.8
streaming,availability,High,49,67.1
streaming,availability,Low,3,4.1
streaming,availability,None,21,28.8
streaming,impact_combination,C+I+A,39,53.4
streaming,impact_combination,C+I,3,4.1
streaming,impact_combination,I+A,3,4.1
streaming,impact_combination,C,11,15.1
streaming,impact_combination,I,7,9.6
streaming,impact_combination,A,10,13.7
airconditioner,attack_vector,Network,3,60.0
airconditioner,attack_vector,Adjacent,1,20.0
airconditioner,attack_vector,Physical,1,20.0
airconditioner,attack_complexity,Low,5,100.0
airconditioner,privileges_required,None,5,100.0
airconditioner,user_interaction,None,3,60.0
airconditioner,user_interaction,Required,2,40.0
airconditioner,scope,Unchanged,4,80.0
airconditioner,scope,Changed,1,20.0
airconditioner,confidentiality,High,3,60.0
airconditioner,confidentiality,Low,2,40.0
airconditioner,integrity,High,2,40.0
airconditioner,integrity,Low,3,60.0
airconditioner,availability,High,2,40.0
airconditioner,availability,Low,2,40.0
airconditioner,availability,None,1,20.0
airconditioner,impact_combination,C+I+A,4,80.0
airconditioner,impact_combination,C+I,1,20.0
cameras,attack_vector,Network,644,78.1
cameras,attack_vector,Adjacent,102,12.4
cameras,attack_vector,Local,44,5.3
cameras,attack_vector,Physical,35,4.2
cameras,attack_complexity,Low,758,91.9
cameras,attack_complexity,High,67,8.1
cameras,privileges_required,None,561,68.0
cameras,privileges_required,Low,202,24.5
cameras,privileges_required,High,62,7.5
cameras,user_interaction,None,767,93.0
cameras,user_interaction,Required,58,7.0
cameras,scope,Unchanged,717,86.9
cameras,scope,Changed,108,13.1
cameras,confidentiality,High,550,66.7
cameras,confidentiality,Low,77,9.3
cameras,confidentiality,None,198,24.0
cameras,integrity,High,467,56.6
cameras,integrity,Low,62,7.5
cameras,integrity,None,296,35.9
cameras,availability,High,584,70.8
cameras,availability,Low,22,2.7
cameras,availability,None,219,26.5
cameras,impact_combination,C+I+A,439,53.2
cameras,impact_combination,C+I,41,5.0
cameras,impact_combination,C+A,6,0.7
cameras,impact_combination,I+A,12,1.5
cameras,impact_combination,C,141,17.1
cameras,impact_combination,I,37,4.5
cameras,impact_combination,A,149,18.1
