category,device,vendor,product,cve_count,facet,allowed_values,Value,Confidence,Reasoning
alarms,abus:secvest_wireless_remote_control_fube50015,abus,secvest_wireless_remote_control_fube50015,3,actuatesPhysical,true|false|unsure,,,
alarms,abus:secvest_wireless_remote_control_fube50015,abus,secvest_wireless_remote_control_fube50015,3,actuationConsequence,ComfortActuation|NoActuation|PropertyActuation|SafetyActuation|unsure,,,
alarms,abus:secvest_wireless_remote_control_fube50015,abus,secvest_wireless_remote_control_fube50015,3,capturesAV,true|false|unsure,,,
alarms,abus:secvest_wireless_remote_control_fube50015,abus,secvest_wireless_remote_control_fube50015,3,cloudDependence,CloudOptional|CloudRequired|LocalOnly|unsure,,,
alarms,abus:secvest_wireless_remote_control_fube50015,abus,secvest_wireless_remote_control_fube50015,3,computeTier,AndroidDerived|EmbeddedLinux|McuClass|Rtos|unsure,,,
alarms,abus:secvest_wireless_remote_control_fube50015,abus,secvest_wireless_remote_control_fube50015,3,consumerAvailability,InstallerChannel|MixedChannel|RetailConsumer|unsure,,,
alarms,abus:secvest_wireless_remote_control_fube50015,abus,secvest_wireless_remote_control_fube50015,3,dataSensitivity,AvStreamData|BiometricData|NoData|TelemetryData|unsure,,,
alarms,abus:secvest_wireless_remote_control_fube50015,abus,secvest_wireless_remote_control_fube50015,3,firmwareUpdateModel,ManualFlash|NoUpdatePath|OtaAutomatic|OtaUserInitiated|unsure,,,
alarms,abus:secvest_wireless_remote_control_fube50015,abus,secvest_wireless_remote_control_fube50015,3,formFactor,Fixed|Portable|Worn|unsure,,,
alarms,abus:secvest_wireless_remote_control_fube50015,abus,secvest_wireless_remote_control_fube50015,3,hasWebAdminUI,true|false|unsure,,,
alarms,abus:secvest_wireless_remote_control_fube50015,abus,secvest_wireless_remote_control_fube50015,3,placement,Either|Indoor|Outdoor|unsure,,,
alarms,abus:secvest_wireless_remote_control_fube50015,abus,secvest_wireless_remote_control_fube50015,3,supportLifetime,DeclaredLifetime|UndeclaredLifetime|unsure,,,
alarms,chuango:g3_gsm\/sms_alarm_system,chuango,g3_gsm\/sms_alarm_system,1,actuatesPhysical,true|false|unsure,,,
alarms,chuango:g3_gsm\/sms_alarm_system,chuango,g3_gsm\/sms_alarm_system,1,actuationConsequence,ComfortActuation|NoActuation|PropertyActuation|SafetyActuation|unsure,,,
alarms,chuango:g3_gsm\/sms_alarm_system,chuango,g3_gsm\/sms_alarm_system,1,capturesAV,true|false|unsure,,,
alarms,chuango:g3_gsm\/sms_alarm_system,chuango,g3_gsm\/sms_alarm_system,1,cloudDependence,CloudOptional|CloudRequired|LocalOnly|unsure,,,
alarms,chuango:g3_gsm\/sms_alarm_system,chuango,g3_gsm\/sms_alarm_system,1,computeTier,AndroidDerived|EmbeddedLinux|McuClass|Rtos|unsure,,,
alarms,chuango:g3_gsm\/sms_alarm_system,chuango,g3_gsm\/sms_alarm_system,1,consumerAvailability,InstallerChannel|MixedChannel|RetailConsumer|unsure,,,
alarms,chuango:g3_gsm\/sms_alarm_system,chuango,g3_gsm\/sms_alarm_system,1,dataSensitivity,AvStreamData|BiometricData|NoData|TelemetryData|unsure,,,
alarms,chuango:g3_gsm\/sms_alarm_system,chuango,g3_gsm\/sms_alarm_system,1,firmwareUpdateModel,ManualFlash|NoUpdatePath|OtaAutomatic|OtaUserInitiated|unsure,,,
alarms,chuango:g3_gsm\/sms_alarm_system,chuango,g3_gsm\/sms_alarm_system,1,formFactor,Fixed|Portable|Worn|unsure,,,
alarms,chuango:g3_gsm\/sms_alarm_system,chuango,g3_gsm\/sms_alarm_system,1,hasWebAdminUI,true|false|unsure,,,
alarms,chuango:g3_gsm\/sms_alarm_system,chuango,g3_gsm\/sms_alarm_system,1,placement,Either|Indoor|Outdoor|unsure,,,
alarms,chuango:g3_gsm\/sms_alarm_system,chuango,g3_gsm\/sms_alarm_system,1,supportLifetime,DeclaredLifetime|UndeclaredLifetime|unsure,,,
alarms,chuango:g5w,chuango,g5w,1,actuatesPhysical,true|false|unsure,,,
alarms,chuango:g5w,chuango,g5w,1,actuationConsequence,ComfortActuation|NoActuation|PropertyActuation|SafetyActuation|unsure,,,
alarms,chuango:g5w,chuango,g5w,1,capturesAV,true|false|unsure,,,
alarms,chuango:g5w,chuango,g5w,1,cloudDependence,CloudOptional|CloudRequired|LocalOnly|unsure,,,
alarms,chuango:g5w,chuango,g5w,1,computeTier,AndroidDerived|EmbeddedLinux|McuClass|Rtos|unsure,,,
alarms,chuango:g5w,chuango,g5w,1,consumerAvailability,InstallerChannel|MixedChannel|RetailConsumer|unsure,,,
alarms,chuango:g5w,chuango,g5w,1,dataSensitivity,AvStreamData|BiometricData|NoData|TelemetryData|unsure,,,
alarms,chuango:g5w,chuango,g5w,1,firmwareUpdateModel,ManualFlash|NoUpdatePath|OtaAutomatic|OtaUserInitiated|unsure,,,
alarms,chuango:g5w,chuango,g5w,1,formFactor,Fixed|Portable|Worn|unsure,,,
alarms,chuango:g5w,chuango,g5w,1,hasWebAdminUI,true|false|unsure,,,
alarms,chuango:g5w,chuango,g5w,1,placement,Either|Indoor|Outdoor|unsure,,,
alarms,chuango:g5w,chuango,g5w,1,supportLifetime,DeclaredLifetime|UndeclaredLifetime|unsure,,,
alarms,mydigoo:dg-hamb_smart_home_security_system,mydigoo,dg-hamb_smart_home_security_system,1,actuatesPhysical,true|false|unsure,,,
alarms,mydigoo:dg-hamb_smart_home_security_system,mydigoo,dg-hamb_smart_home_security_system,1,actuationConsequence,ComfortActuation|NoActuation|PropertyActuation|SafetyActuation|unsure,,,
alarms,mydigoo:dg-hamb_smart_home_security_system,mydigoo,dg-hamb_smart_home_security_system,1,capturesAV,true|false|unsure,,,
alarms,mydigoo:dg-hamb_smart_home_security_system,mydigoo,dg-hamb_smart_home_security_system,1,cloudDependence,CloudOptional|CloudRequired|LocalOnly|unsure,,,
alarms,mydigoo:dg-hamb_smart_home_security_system,mydigoo,dg-hamb_smart_home_security_system,1,computeTier,AndroidDerived|EmbeddedLinux|McuClass|Rtos|unsure,,,
alarms,mydigoo:dg-hamb_smart_home_security_system,mydigoo,dg-hamb_smart_home_security_system,1,consumerAvailability,InstallerChannel|MixedChannel|RetailConsumer|unsure,,,
alarms,mydigoo:dg-hamb_smart_home_security_system,mydigoo,dg-hamb_smart_home_security_system,1,dataSensitivity,AvStreamData|BiometricData|NoData|TelemetryData|unsure,,,
alarms,mydigoo:dg-hamb_smart_home_security_system,mydigoo,dg-hamb_smart_home_security_system,1,firmwareUpdateModel,ManualFlash|NoUpdatePath|OtaAutomatic|OtaUserInitiated|unsure,,,
alarms,mydigoo:dg-hamb_smart_home_security_system,mydigoo,dg-hamb_smart_home_security_system,1,formFactor,Fixed|Portable|Worn|unsure,,,
alarms,mydigoo:dg-hamb_smart_home_security_system,mydigoo,dg-hamb_smart_home_security_system,1,hasWebAdminUI,true|false|unsure,,,
alarms,mydigoo:dg-hamb_smart_home_security_system,mydigoo,dg-hamb_smart_home_security_system,1,placement,Either|Indoor|Outdoor|unsure,,,
alarms,mydigoo:dg-hamb_smart_home_security_system,mydigoo,dg-hamb_smart_home_security_system,1,supportLifetime,DeclaredLifetime|UndeclaredLifetime|unsure,,,
alarms,vivint:sky_control_panel,vivint,sky_control_panel,1,actuatesPhysical,true|false|unsure,,,
alarms,vivint:sky_control_panel,vivint,sky_control_panel,1,actuationConsequence,ComfortActuation|NoActuation|PropertyActuation|SafetyActuation|unsure,,,
alarms,vivint:sky_control_panel,vivint,sky_control_panel,1,capturesAV,true|false|unsure,,,
alarms,vivint:sky_control_panel,vivint,sky_control_panel,1,cloudDependence,CloudOptional|CloudRequired|LocalOnly|unsure,,,
alarms,vivint:sky_control_panel,vivint,sky_control_panel,1,computeTier,AndroidDerived|EmbeddedLinux|McuClass|Rtos|unsure,,,
alarms,vivint:sky_control_panel,vivint,sky_control_panel,1,consumerAvailability,InstallerChannel|MixedChannel|RetailConsumer|unsure,,,
alarms,vivint:sky_control_panel,vivint,sky_control_panel,1,dataSensitivity,AvStreamData|BiometricData|NoData|TelemetryData|unsure,,,
alarms,vivint:sky_control_panel,vivint,sky_control_panel,1,firmwareUpdateModel,ManualFlash|NoUpdatePath|OtaAutomatic|OtaUserInitiated|unsure,,,
alarms,vivint:sky_control_panel,vivint,sky_control_panel,1,formFactor,Fixed|Portable|Worn|unsure,,,
alarms,vivint:sky_control_panel,vivint,sky_control_panel,1,hasWebAdminUI,true|false|unsure,,,
alarms,vivint:sky_control_panel,vivint,sky_control_panel,1,placement,Either|Indoor|Outdoor|unsure,,,
alarms,vivint:sky_control_panel,vivint,sky_control_panel,1,supportLifetime,DeclaredLifetime|UndeclaredLifetime|unsure,,,
cameras,c-first:cfr-4eha,c-first,cfr-4eha,2,actuatesPhysical,true|false|unsure,,,
cameras,c-first:cfr-4eha,c-first,cfr-4eha,2,actuationConsequence,ComfortActuation|NoActuation|PropertyActuation|SafetyActuation|unsure,,,
cameras,c-first:cfr-4eha,c-first,cfr-4eha,2,capturesAV,true|false|unsure,,,
cameras,c-first:cfr-4eha,c-first,cfr-4eha,2,cloudDependence,CloudOptional|CloudRequired|LocalOnly|unsure,,,
cameras,c-first:cfr-4eha,c-first,cfr-4eha,2,computeTier,AndroidDerived|EmbeddedLinux|McuClass|Rtos|unsure,,,
cameras,c-first:cfr-4eha,c-first,cfr-4eha,2,consumerAvailability,InstallerChannel|MixedChannel|RetailConsumer|unsure,,,
cameras,c-first:cfr-4eha,c-first,cfr-4eha,2,dataSensitivity,AvStreamData|BiometricData|NoData|TelemetryData|unsure,,,
cameras,c-first:cfr-4eha,c-first,cfr-4eha,2,firmwareUpdateModel,ManualFlash|NoUpdatePath|OtaAutomatic|OtaUserInitiated|unsure,,,
cameras,c-first:cfr-4eha,c-first,cfr-4eha,2,formFactor,Fixed|Portable|Worn|unsure,,,
cameras,c-first:cfr-4eha,c-first,cfr-4eha,2,hasWebAdminUI,true|false|unsure,,,
cameras,c-first:cfr-4eha,c-first,cfr-4eha,2,placement,Either|Indoor|Outdoor|unsure,,,
cameras,c-first:cfr-4eha,c-first,cfr-4eha,2,supportLifetime,DeclaredLifetime|UndeclaredLifetime|unsure,,,
cameras,dahuasecurity:dvr2116he,dahuasecurity,dvr2116he,5,actuatesPhysical,true|false|unsure,,,
cameras,dahuasecurity:dvr2116he,dahuasecurity,dvr2116he,5,actuationConsequence,ComfortActuation|NoActuation|PropertyActuation|SafetyActuation|unsure,,,
cameras,dahuasecurity:dvr2116he,dahuasecurity,dvr2116he,5,capturesAV,true|false|unsure,,,
cameras,dahuasecurity:dvr2116he,dahuasecurity,dvr2116he,5,cloudDependence,CloudOptional|CloudRequired|LocalOnly|unsure,,,
cameras,dahuasecurity:dvr2116he,dahuasecurity,dvr2116he,5,computeTier,AndroidDerived|EmbeddedLinux|McuClass|Rtos|unsure,,,
cameras,dahuasecurity:dvr2116he,dahuasecurity,dvr2116he,5,consumerAvailability,InstallerChannel|MixedChannel|RetailConsumer|unsure,,,
cameras,dahuasecurity:dvr2116he,dahuasecurity,dvr2116he,5,dataSensitivity,AvStreamData|BiometricData|NoData|TelemetryData|unsure,,,
cameras,dahuasecurity:dvr2116he,dahuasecurity,dvr2116he,5,firmwareUpdateModel,ManualFlash|NoUpdatePath|OtaAutomatic|OtaUserInitiated|unsure,,,
cameras,dahuasecurity:dvr2116he,dahuasecurity,dvr2116he,5,formFactor,Fixed|Portable|Worn|unsure,,,
cameras,dahuasecurity:dvr2116he,dahuasecurity,dvr2116he,5,hasWebAdminUI,true|false|unsure,,,
cameras,dahuasecurity:dvr2116he,dahuasecurity,dvr2116he,5,placement,Either|Indoor|Outdoor|unsure,,,
cameras,dahuasecurity:dvr2116he,dahuasecurity,dvr2116he,5,supportLifetime,DeclaredLifetime|UndeclaredLifetime|unsure,,,
cameras,xiongmaitech:ipg-53h10pe-s,xiongmaitech,ipg-53h10pe-s,1,actuatesPhysical,true|false|unsure,,,
cameras,xiongmaitech:ipg-53h10pe-s,xiongmaitech,ipg-53h10pe-s,1,actuationConsequence,ComfortActuation|NoActuation|PropertyActuation|SafetyActuation|unsure,,,
cameras,xiongmaitech:ipg-53h10pe-s,xiongmaitech,ipg-53h10pe-s,1,capturesAV,true|false|unsure,,,
cameras,xiongmaitech:ipg-53h10pe-s,xiongmaitech,ipg-53h10pe-s,1,cloudDependence,CloudOptional|CloudRequired|LocalOnly|unsure,,,
cameras,xiongmaitech:ipg-53h10pe-s,xiongmaitech,ipg-53h10pe-s,1,computeTier,AndroidDerived|EmbeddedLinux|McuClass|Rtos|unsure,,,
cameras,xiongmaitech:ipg-53h10pe-s,xiongmaitech,ipg-53h10pe-s,1,consumerAvailability,InstallerChannel|MixedChannel|RetailConsumer|unsure,,,
cameras,xiongmaitech:ipg-53h10pe-s,xiongmaitech,ipg-53h10pe-s,1,dataSensitivity,AvStreamData|BiometricData|NoData|TelemetryData|unsure,,,
cameras,xiongmaitech:ipg-53h10pe-s,xiongmaitech,ipg-53h10pe-s,1,firmwareUpdateModel,ManualFlash|NoUpdatePath|OtaAutomatic|OtaUserInitiated|unsure,,,
cameras,xiongmaitech:ipg-53h10pe-s,xiongmaitech,ipg-53h10pe-s,1,formFactor,Fixed|Portable|Worn|unsure,,,
cameras,xiongmaitech:ipg-53h10pe-s,xiongmaitech,ipg-53h10pe-s,1,hasWebAdminUI,true|false|unsure,,,
cameras,xiongmaitech:ipg-53h10pe-s,xiongmaitech,ipg-53h10pe-s,1,placement,Either|Indoor|Outdoor|unsure,,,
cameras,xiongmaitech:ipg-53h10pe-s,xiongmaitech,ipg-53h10pe-s,1,supportLifetime,DeclaredLifetime|UndeclaredLifetime|unsure,,,
doorbell,reolink:smart_2k\+_plug-in_wi-fi_video_doorbell_with_chime,reolink,smart_2k\+_plug-in_wi-fi_video_doorbell_with_chime,3,actuatesPhysical,true|false|unsure,,,
doorbell,reolink:smart_2k\+_plug-in_wi-fi_video_doorbell_with_chime,reolink,smart_2k\+_plug-in_wi-fi_video_doorbell_with_chime,3,actuationConsequence,ComfortActuation|NoActuation|PropertyActuation|SafetyActuation|unsure,,,
doorbell,reolink:smart_2k\+_plug-in_wi-fi_video_doorbell_with_chime,reolink,smart_2k\+_plug-in_wi-fi_video_doorbell_with_chime,3,capturesAV,true|false|unsure,,,
doorbell,reolink:smart_2k\+_plug-in_wi-fi_video_doorbell_with_chime,reolink,smart_2k\+_plug-in_wi-fi_video_doorbell_with_chime,3,cloudDependence,CloudOptional|CloudRequired|LocalOnly|unsure,,,
doorbell,reolink:smart_2k\+_plug-in_wi-fi_video_doorbell_with_chime,reolink,smart_2k\+_plug-in_wi-fi_video_doorbell_with_chime,3,computeTier,AndroidDerived|EmbeddedLinux|McuClass|Rtos|unsure,,,
doorbell,reolink:smart_2k\+_plug-in_wi-fi_video_doorbell_with_chime,reolink,smart_2k\+_plug-in_wi-fi_video_doorbell_with_chime,3,consumerAvailability,InstallerChannel|MixedChannel|RetailConsumer|unsure,,,
doorbell,reolink:smart_2k\+_plug-in_wi-fi_video_doorbell_with_chime,reolink,smart_2k\+_plug-in_wi-fi_video_doorbell_with_chime,3,dataSensitivity,AvStreamData|BiometricData|NoData|TelemetryData|unsure,,,
doorbell,reolink:smart_2k\+_plug-in_wi-fi_video_doorbell_with_chime,reolink,smart_2k\+_plug-in_wi-fi_video_doorbell_with_chime,3,firmwareUpdateModel,ManualFlash|NoUpdatePath|OtaAutomatic|OtaUserInitiated|unsure,,,
doorbell,reolink:smart_2k\+_plug-in_wi-fi_video_doorbell_with_chime,reolink,smart_2k\+_plug-in_wi-fi_video_doorbell_with_chime,3,formFactor,Fixed|Portable|Worn|unsure,,,
doorbell,reolink:smart_2k\+_plug-in_wi-fi_video_doorbell_with_chime,reolink,smart_2k\+_plug-in_wi-fi_video_doorbell_with_chime,3,hasWebAdminUI,true|false|unsure,,,
doorbell,reolink:smart_2k\+_plug-in_wi-fi_video_doorbell_with_chime,reolink,smart_2k\+_plug-in_wi-fi_video_doorbell_with_chime,3,placement,Either|Indoor|Outdoor|unsure,,,
doorbell,reolink:smart_2k\+_plug-in_wi-fi_video_doorbell_with_chime,reolink,smart_2k\+_plug-in_wi-fi_video_doorbell_with_chime,3,supportLifetime,DeclaredLifetime|UndeclaredLifetime|unsure,,,
doorlock,assaabloy:yale_keyless_smart_lock,assaabloy,yale_keyless_smart_lock,1,actuatesPhysical,true|false|unsure,,,
doorlock,assaabloy:yale_keyless_smart_lock,assaabloy,yale_keyless_smart_lock,1,actuationConsequence,ComfortActuation|NoActuation|PropertyActuation|SafetyActuation|unsure,,,
doorlock,assaabloy:yale_keyless_smart_lock,assaabloy,yale_keyless_smart_lock,1,capturesAV,true|false|unsure,,,
doorlock,assaabloy:yale_keyless_smart_lock,assaabloy,yale_keyless_smart_lock,1,cloudDependence,CloudOptional|CloudRequired|LocalOnly|unsure,,,
doorlock,assaabloy:yale_keyless_smart_lock,assaabloy,yale_keyless_smart_lock,1,computeTier,AndroidDerived|EmbeddedLinux|McuClass|Rtos|unsure,,,
doorlock,assaabloy:yale_keyless_smart_lock,assaabloy,yale_keyless_smart_lock,1,consumerAvailability,InstallerChannel|MixedChannel|RetailConsumer|unsure,,,
doorlock,assaabloy:yale_keyless_smart_lock,assaabloy,yale_keyless_smart_lock,1,dataSensitivity,AvStreamData|BiometricData|NoData|TelemetryData|unsure,,,
doorlock,assaabloy:yale_keyless_smart_lock,assaabloy,yale_keyless_smart_lock,1,firmwareUpdateModel,ManualFlash|NoUpdatePath|OtaAutomatic|OtaUserInitiated|unsure,,,
doorlock,assaabloy:yale_keyless_smart_lock,assaabloy,yale_keyless_smart_lock,1,formFactor,Fixed|Portable|Worn|unsure,,,
doorlock,assaabloy:yale_keyless_smart_lock,assaabloy,yale_keyless_smart_lock,1,hasWebAdminUI,true|false|unsure,,,
doorlock,assaabloy:yale_keyless_smart_lock,assaabloy,yale_keyless_smart_lock,1,placement,Either|Indoor|Outdoor|unsure,,,
doorlock,assaabloy:yale_keyless_smart_lock,assaabloy,yale_keyless_smart_lock,1,supportLifetime,DeclaredLifetime|UndeclaredLifetime|unsure,,,
doorlock,august:connect_wi-fi_bridge,august,connect_wi-fi_bridge,1,actuatesPhysical,true|false|unsure,,,
doorlock,august:connect_wi-fi_bridge,august,connect_wi-fi_bridge,1,actuationConsequence,ComfortActuation|NoActuation|PropertyActuation|SafetyActuation|unsure,,,
doorlock,august:connect_wi-fi_bridge,august,connect_wi-fi_bridge,1,capturesAV,true|false|unsure,,,
doorlock,august:connect_wi-fi_bridge,august,connect_wi-fi_bridge,1,cloudDependence,CloudOptional|CloudRequired|LocalOnly|unsure,,,
doorlock,august:connect_wi-fi_bridge,august,connect_wi-fi_bridge,1,computeTier,AndroidDerived|EmbeddedLinux|McuClass|Rtos|unsure,,,
doorlock,august:connect_wi-fi_bridge,august,connect_wi-fi_bridge,1,consumerAvailability,InstallerChannel|MixedChannel|RetailConsumer|unsure,,,
doorlock,august:connect_wi-fi_bridge,august,connect_wi-fi_bridge,1,dataSensitivity,AvStreamData|BiometricData|NoData|TelemetryData|unsure,,,
doorlock,august:connect_wi-fi_bridge,august,connect_wi-fi_bridge,1,firmwareUpdateModel,ManualFlash|NoUpdatePath|OtaAutomatic|OtaUserInitiated|unsure,,,
doorlock,august:connect_wi-fi_bridge,august,connect_wi-fi_bridge,1,formFactor,Fixed|Portable|Worn|unsure,,,
doorlock,august:connect_wi-fi_bridge,august,connect_wi-fi_bridge,1,hasWebAdminUI,true|false|unsure,,,
doorlock,august:connect_wi-fi_bridge,august,connect_wi-fi_bridge,1,placement,Either|Indoor|Outdoor|unsure,,,
doorlock,august:connect_wi-fi_bridge,august,connect_wi-fi_bridge,1,supportLifetime,DeclaredLifetime|UndeclaredLifetime|unsure,,,
doorlock,geniecompany:aladdin_connect_garage_door_opener,geniecompany,aladdin_connect_garage_door_opener,2,actuatesPhysical,true|false|unsure,,,
doorlock,geniecompany:aladdin_connect_garage_door_opener,geniecompany,aladdin_connect_garage_door_opener,2,actuationConsequence,ComfortActuation|NoActuation|PropertyActuation|SafetyActuation|unsure,,,
doorlock,geniecompany:aladdin_connect_garage_door_opener,geniecompany,aladdin_connect_garage_door_opener,2,capturesAV,true|false|unsure,,,
doorlock,geniecompany:aladdin_connect_garage_door_opener,geniecompany,aladdin_connect_garage_door_opener,2,cloudDependence,CloudOptional|CloudRequired|LocalOnly|unsure,,,
doorlock,geniecompany:aladdin_connect_garage_door_opener,geniecompany,aladdin_connect_garage_door_opener,2,computeTier,AndroidDerived|EmbeddedLinux|McuClass|Rtos|unsure,,,
doorlock,geniecompany:aladdin_connect_garage_door_opener,geniecompany,aladdin_connect_garage_door_opener,2,consumerAvailability,InstallerChannel|MixedChannel|RetailConsumer|unsure,,,
doorlock,geniecompany:aladdin_connect_garage_door_opener,geniecompany,aladdin_connect_garage_door_opener,2,dataSensitivity,AvStreamData|BiometricData|NoData|TelemetryData|unsure,,,
doorlock,geniecompany:aladdin_connect_garage_door_opener,geniecompany,aladdin_connect_garage_door_opener,2,firmwareUpdateModel,ManualFlash|NoUpdatePath|OtaAutomatic|OtaUserInitiated|unsure,,,
doorlock,geniecompany:aladdin_connect_garage_door_opener,geniecompany,aladdin_connect_garage_door_opener,2,formFactor,Fixed|Portable|Worn|unsure,,,
doorlock,geniecompany:aladdin_connect_garage_door_opener,geniecompany,aladdin_connect_garage_door_opener,2,hasWebAdminUI,true|false|unsure,,,
doorlock,geniecompany:aladdin_connect_garage_door_opener,geniecompany,aladdin_connect_garage_door_opener,2,placement,Either|Indoor|Outdoor|unsure,,,
doorlock,geniecompany:aladdin_connect_garage_door_opener,geniecompany,aladdin_connect_garage_door_opener,2,supportLifetime,DeclaredLifetime|UndeclaredLifetime|unsure,,,
ev-charging,abb:terra_ac_wallbox_80a,abb,terra_ac_wallbox_80a,2,actuatesPhysical,true|false|unsure,,,
ev-charging,abb:terra_ac_wallbox_80a,abb,terra_ac_wallbox_80a,2,actuationConsequence,ComfortActuation|NoActuation|PropertyActuation|SafetyActuation|unsure,,,
ev-charging,abb:terra_ac_wallbox_80a,abb,terra_ac_wallbox_80a,2,capturesAV,true|false|unsure,,,
ev-charging,abb:terra_ac_wallbox_80a,abb,terra_ac_wallbox_80a,2,cloudDependence,CloudOptional|CloudRequired|LocalOnly|unsure,,,
ev-charging,abb:terra_ac_wallbox_80a,abb,terra_ac_wallbox_80a,2,computeTier,AndroidDerived|EmbeddedLinux|McuClass|Rtos|unsure,,,
ev-charging,abb:terra_ac_wallbox_80a,abb,terra_ac_wallbox_80a,2,consumerAvailability,InstallerChannel|MixedChannel|RetailConsumer|unsure,,,
ev-charging,abb:terra_ac_wallbox_80a,abb,terra_ac_wallbox_80a,2,dataSensitivity,AvStreamData|BiometricData|NoData|TelemetryData|unsure,,,
ev-charging,abb:terra_ac_wallbox_80a,abb,terra_ac_wallbox_80a,2,firmwareUpdateModel,ManualFlash|NoUpdatePath|OtaAutomatic|OtaUserInitiated|unsure,,,
ev-charging,abb:terra_ac_wallbox_80a,abb,terra_ac_wallbox_80a,2,formFactor,Fixed|Portable|Worn|unsure,,,
ev-charging,abb:terra_ac_wallbox_80a,abb,terra_ac_wallbox_80a,2,hasWebAdminUI,true|false|unsure,,,
ev-charging,abb:terra_ac_wallbox_80a,abb,terra_ac_wallbox_80a,2,placement,Either|Indoor|Outdoor|unsure,,,
ev-charging,abb:terra_ac_wallbox_80a,abb,terra_ac_wallbox_80a,2,supportLifetime,DeclaredLifetime|UndeclaredLifetime|unsure,,,
ev-charging,abb:terra_ac_wallbox_ul32a,abb,terra_ac_wallbox_ul32a,2,actuatesPhysical,true|false|unsure,,,
ev-charging,abb:terra_ac_wallbox_ul32a,abb,terra_ac_wallbox_ul32a,2,actuationConsequence,ComfortActuation|NoActuation|PropertyActuation|SafetyActuation|unsure,,,
ev-charging,abb:terra_ac_wallbox_ul32a,abb,terra_ac_wallbox_ul32a,2,capturesAV,true|false|unsure,,,
ev-charging,abb:terra_ac_wallbox_ul32a,abb,terra_ac_wallbox_ul32a,2,cloudDependence,CloudOptional|CloudRequired|LocalOnly|unsure,,,
ev-charging,abb:terra_ac_wallbox_ul32a,abb,terra_ac_wallbox_ul32a,2,computeTier,AndroidDerived|EmbeddedLinux|McuClass|Rtos|unsure,,,
ev-charging,abb:terra_ac_wallbox_ul32a,abb,terra_ac_wallbox_ul32a,2,consumerAvailability,InstallerChannel|MixedChannel|RetailConsumer|unsure,,,
ev-charging,abb:terra_ac_wallbox_ul32a,abb,terra_ac_wallbox_ul32a,2,dataSensitivity,AvStreamData|BiometricData|NoData|TelemetryData|unsure,,,
ev-charging,abb:terra_ac_wallbox_ul32a,abb,terra_ac_wallbox_ul32a,2,firmwareUpdateModel,ManualFlash|NoUpdatePath|OtaAutomatic|OtaUserInitiated|unsure,,,
ev-charging,abb:terra_ac_wallbox_ul32a,abb,terra_ac_wallbox_ul32a,2,formFactor,Fixed|Portable|Worn|unsure,,,
ev-charging,abb:terra_ac_wallbox_ul32a,abb,terra_ac_wallbox_ul32a,2,hasWebAdminUI,true|false|unsure,,,
ev-charging,abb:terra_ac_wallbox_ul32a,abb,terra_ac_wallbox_ul32a,2,placement,Either|Indoor|Outdoor|unsure,,,
ev-charging,abb:terra_ac_wallbox_ul32a,abb,terra_ac_wallbox_ul32a,2,supportLifetime,DeclaredLifetime|UndeclaredLifetime|unsure,,,
ev-charging,chargepoint:home_flex_hardwired,chargepoint,home_flex_hardwired,6,actuatesPhysical,true|false|unsure,,,
ev-charging,chargepoint:home_flex_hardwired,chargepoint,home_flex_hardwired,6,actuationConsequence,ComfortActuation|NoActuation|PropertyActuation|SafetyActuation|unsure,,,
ev-charging,chargepoint:home_flex_hardwired,chargepoint,home_flex_hardwired,6,capturesAV,true|false|unsure,,,
ev-charging,chargepoint:home_flex_hardwired,chargepoint,home_flex_hardwired,6,cloudDependence,CloudOptional|CloudRequired|LocalOnly|unsure,,,
ev-charging,chargepoint:home_flex_hardwired,chargepoint,home_flex_hardwired,6,computeTier,AndroidDerived|EmbeddedLinux|McuClass|Rtos|unsure,,,
ev-charging,chargepoint:home_flex_hardwired,chargepoint,home_flex_hardwired,6,consumerAvailability,InstallerChannel|MixedChannel|RetailConsumer|unsure,,,
ev-charging,chargepoint:home_flex_hardwired,chargepoint,home_flex_hardwired,6,dataSensitivity,AvStreamData|BiometricData|NoData|TelemetryData|unsure,,,
ev-charging,chargepoint:home_flex_hardwired,chargepoint,home_flex_hardwired,6,firmwareUpdateModel,ManualFlash|NoUpdatePath|OtaAutomatic|OtaUserInitiated|unsure,,,
ev-charging,chargepoint:home_flex_hardwired,chargepoint,home_flex_hardwired,6,formFactor,Fixed|Portable|Worn|unsure,,,
ev-charging,chargepoint:home_flex_hardwired,chargepoint,home_flex_hardwired,6,hasWebAdminUI,true|false|unsure,,,
ev-charging,chargepoint:home_flex_hardwired,chargepoint,home_flex_hardwired,6,placement,Either|Indoor|Outdoor|unsure,,,
ev-charging,chargepoint:home_flex_hardwired,chargepoint,home_flex_hardwired,6,supportLifetime,DeclaredLifetime|UndeclaredLifetime|unsure,,,
ev-charging,chargepoint:home_flex_nema_14-50_plug,chargepoint,home_flex_nema_14-50_plug,6,actuatesPhysical,true|false|unsure,,,
ev-charging,chargepoint:home_flex_nema_14-50_plug,chargepoint,home_flex_nema_14-50_plug,6,actuationConsequence,ComfortActuation|NoActuation|PropertyActuation|SafetyActuation|unsure,,,
ev-charging,chargepoint:home_flex_nema_14-50_plug,chargepoint,home_flex_nema_14-50_plug,6,capturesAV,true|false|unsure,,,
ev-charging,chargepoint:home_flex_nema_14-50_plug,chargepoint,home_flex_nema_14-50_plug,6,cloudDependence,CloudOptional|CloudRequired|LocalOnly|unsure,,,
ev-charging,chargepoint:home_flex_nema_14-50_plug,chargepoint,home_flex_nema_14-50_plug,6,computeTier,AndroidDerived|EmbeddedLinux|McuClass|Rtos|unsure,,,
ev-charging,chargepoint:home_flex_nema_14-50_plug,chargepoint,home_flex_nema_14-50_plug,6,consumerAvailability,InstallerChannel|MixedChannel|RetailConsumer|unsure,,,
ev-charging,chargepoint:home_flex_nema_14-50_plug,chargepoint,home_flex_nema_14-50_plug,6,dataSensitivity,AvStreamData|BiometricData|NoData|TelemetryData|unsure,,,
ev-charging,chargepoint:home_flex_nema_14-50_plug,chargepoint,home_flex_nema_14-50_plug,6,firmwareUpdateModel,ManualFlash|NoUpdatePath|OtaAutomatic|OtaUserInitiated|unsure,,,
ev-charging,chargepoint:home_flex_nema_14-50_plug,chargepoint,home_flex_nema_14-50_plug,6,formFactor,Fixed|Portable|Worn|unsure,,,
ev-charging,chargepoint:home_flex_nema_14-50_plug,chargepoint,home_flex_nema_14-50_plug,6,hasWebAdminUI,true|false|unsure,,,
ev-charging,chargepoint:home_flex_nema_14-50_plug,chargepoint,home_flex_nema_14-50_plug,6,placement,Either|Indoor|Outdoor|unsure,,,
ev-charging,chargepoint:home_flex_nema_14-50_plug,chargepoint,home_flex_nema_14-50_plug,6,supportLifetime,DeclaredLifetime|UndeclaredLifetime|unsure,,,
ev-charging,garo:wallbox_glb\+_t2ev7,garo,wallbox_glb\+_t2ev7,1,actuatesPhysical,true|false|unsure,,,
ev-charging,garo:wallbox_glb\+_t2ev7,garo,wallbox_glb\+_t2ev7,1,actuationConsequence,ComfortActuation|NoActuation|PropertyActuation|SafetyActuation|unsure,,,
ev-charging,garo:wallbox_glb\+_t2ev7,garo,wallbox_glb\+_t2ev7,1,capturesAV,true|false|unsure,,,
ev-charging,garo:wallbox_glb\+_t2ev7,garo,wallbox_glb\+_t2ev7,1,cloudDependence,CloudOptional|CloudRequired|LocalOnly|unsure,,,
ev-charging,garo:wallbox_glb\+_t2ev7,garo,wallbox_glb\+_t2ev7,1,computeTier,AndroidDerived|EmbeddedLinux|McuClass|Rtos|unsure,,,
ev-charging,garo:wallbox_glb\+_t2ev7,garo,wallbox_glb\+_t2ev7,1,consumerAvailability,InstallerChannel|MixedChannel|RetailConsumer|unsure,,,
ev-charging,garo:wallbox_glb\+_t2ev7,garo,wallbox_glb\+_t2ev7,1,dataSensitivity,AvStreamData|BiometricData|NoData|TelemetryData|unsure,,,
ev-charging,garo:wallbox_glb\+_t2ev7,garo,wallbox_glb\+_t2ev7,1,firmwareUpdateModel,ManualFlash|NoUpdatePath|OtaAutomatic|OtaUserInitiated|unsure,,,
ev-charging,garo:wallbox_glb\+_t2ev7,garo,wallbox_glb\+_t2ev7,1,formFactor,Fixed|Portable|Worn|unsure,,,
ev-charging,garo:wallbox_glb\+_t2ev7,garo,wallbox_glb\+_t2ev7,1,hasWebAdminUI,true|false|unsure,,,
ev-charging,garo:wallbox_glb\+_t2ev7,garo,wallbox_glb\+_t2ev7,1,placement,Either|Indoor|Outdoor|unsure,,,
ev-charging,garo:wallbox_glb\+_t2ev7,garo,wallbox_glb\+_t2ev7,1,supportLifetime,DeclaredLifetime|UndeclaredLifetime|unsure,,,
ev-charging,schneider-electric:evc1s22p4,schneider-electric,evc1s22p4,2,actuatesPhysical,true|false|unsure,,,
ev-charging,schneider-electric:evc1s22p4,schneider-electric,evc1s22p4,2,actuationConsequence,ComfortActuation|NoActuation|PropertyActuation|SafetyActuation|unsure,,,
ev-charging,schneider-electric:evc1s22p4,schneider-electric,evc1s22p4,2,capturesAV,true|false|unsure,,,
ev-charging,schneider-electric:evc1s22p4,schneider-electric,evc1s22p4,2,cloudDependence,CloudOptional|CloudRequired|LocalOnly|unsure,,,
ev-charging,schneider-electric:evc1s22p4,schneider-electric,evc1s22p4,2,computeTier,AndroidDerived|EmbeddedLinux|McuClass|Rtos|unsure,,,
ev-charging,schneider-electric:evc1s22p4,schneider-electric,evc1s22p4,2,consumerAvailability,InstallerChannel|MixedChannel|RetailConsumer|unsure,,,
ev-charging,schneider-electric:evc1s22p4,schneider-electric,evc1s22p4,2,dataSensitivity,AvStreamData|BiometricData|NoData|TelemetryData|unsure,,,
ev-charging,schneider-electric:evc1s22p4,schneider-electric,evc1s22p4,2,firmwareUpdateModel,ManualFlash|NoUpdatePath|OtaAutomatic|OtaUserInitiated|unsure,,,
ev-charging,schneider-electric:evc1s22p4,schneider-electric,evc1s22p4,2,formFactor,Fixed|Portable|Worn|unsure,,,
ev-charging,schneider-electric:evc1s22p4,schneider-electric,evc1s22p4,2,hasWebAdminUI,true|false|unsure,,,
ev-charging,schneider-electric:evc1s22p4,schneider-electric,evc1s22p4,2,placement,Either|Indoor|Outdoor|unsure,,,
ev-charging,schneider-electric:evc1s22p4,schneider-electric,evc1s22p4,2,supportLifetime,DeclaredLifetime|UndeclaredLifetime|unsure,,,
ev-charging,schneider-electric:evc1s7p4,schneider-electric,evc1s7p4,2,actuatesPhysical,true|false|unsure,,,
ev-charging,schneider-electric:evc1s7p4,schneider-electric,evc1s7p4,2,actuationConsequence,ComfortActuation|NoActuation|PropertyActuation|SafetyActuation|unsure,,,
ev-charging,schneider-electric:evc1s7p4,schneider-electric,evc1s7p4,2,capturesAV,true|false|unsure,,,
ev-charging,schneider-electric:evc1s7p4,schneider-electric,evc1s7p4,2,cloudDependence,CloudOptional|CloudRequired|LocalOnly|unsure,,,
ev-charging,schneider-electric:evc1s7p4,schneider-electric,evc1s7p4,2,computeTier,AndroidDerived|EmbeddedLinux|McuClass|Rtos|unsure,,,
ev-charging,schneider-electric:evc1s7p4,schneider-electric,evc1s7p4,2,consumerAvailability,InstallerChannel|MixedChannel|RetailConsumer|unsure,,,
ev-charging,schneider-electric:evc1s7p4,schneider-electric,evc1s7p4,2,dataSensitivity,AvStreamData|BiometricData|NoData|TelemetryData|unsure,,,
ev-charging,schneider-electric:evc1s7p4,schneider-electric,evc1s7p4,2,firmwareUpdateModel,ManualFlash|NoUpdatePath|OtaAutomatic|OtaUserInitiated|unsure,,,
ev-charging,schneider-electric:evc1s7p4,schneider-electric,evc1s7p4,2,formFactor,Fixed|Portable|Worn|unsure,,,
ev-charging,schneider-electric:evc1s7p4,schneider-electric,evc1s7p4,2,hasWebAdminUI,true|false|unsure,,,
ev-charging,schneider-electric:evc1s7p4,schneider-electric,evc1s7p4,2,placement,Either|Indoor|Outdoor|unsure,,,
ev-charging,schneider-electric:evc1s7p4,schneider-electric,evc1s7p4,2,supportLifetime,DeclaredLifetime|UndeclaredLifetime|unsure,,,
ev-charging,tesla:wall_connector,tesla,wall_connector,2,actuatesPhysical,true|false|unsure,,,
ev-charging,tesla:wall_connector,tesla,wall_connector,2,actuationConsequence,ComfortActuation|NoActuation|PropertyActuation|SafetyActuation|unsure,,,
ev-charging,tesla:wall_connector,tesla,wall_connector,2,capturesAV,true|false|unsure,,,
ev-charging,tesla:wall_connector,tesla,wall_connector,2,cloudDependence,CloudOptional|CloudRequired|LocalOnly|unsure,,,
ev-charging,tesla:wall_connector,tesla,wall_connector,2,computeTier,AndroidDerived|EmbeddedLinux|McuClass|Rtos|unsure,,,
ev-charging,tesla:wall_connector,tesla,wall_connector,2,consumerAvailability,InstallerChannel|MixedChannel|RetailConsumer|unsure,,,
ev-charging,tesla:wall_connector,tesla,wall_connector,2,dataSensitivity,AvStreamData|BiometricData|NoData|TelemetryData|unsure,,,
ev-charging,tesla:wall_connector,tesla,wall_connector,2,firmwareUpdateModel,ManualFlash|NoUpdatePath|OtaAutomatic|OtaUserInitiated|unsure,,,
ev-charging,tesla:wall_connector,tesla,wall_connector,2,formFactor,Fixed|Portable|Worn|unsure,,,
ev-charging,tesla:wall_connector,tesla,wall_connector,2,hasWebAdminUI,true|false|unsure,,,
ev-charging,tesla:wall_connector,tesla,wall_connector,2,placement,Either|Indoor|Outdoor|unsure,,,
ev-charging,tesla:wall_connector,tesla,wall_connector,2,supportLifetime,DeclaredLifetime|UndeclaredLifetime|unsure,,,
ev-charging,vw:id.charger_connect,vw,id.charger_connect,1,actuatesPhysical,true|false|unsure,,,
ev-charging,vw:id.charger_connect,vw,id.charger_connect,1,actuationConsequence,ComfortActuation|NoActuation|PropertyActuation|SafetyActuation|unsure,,,
ev-charging,vw:id.charger_connect,vw,id.charger_connect,1,capturesAV,true|false|unsure,,,
ev-charging,vw:id.charger_connect,vw,id.charger_connect,1,cloudDependence,CloudOptional|CloudRequired|LocalOnly|unsure,,,
ev-charging,vw:id.charger_connect,vw,id.charger_connect,1,computeTier,AndroidDerived|EmbeddedLinux|McuClass|Rtos|unsure,,,
ev-charging,vw:id.charger_connect,vw,id.charger_connect,1,consumerAvailability,InstallerChannel|MixedChannel|RetailConsumer|unsure,,,
ev-charging,vw:id.charger_connect,vw,id.charger_connect,1,dataSensitivity,AvStreamData|BiometricData|NoData|TelemetryData|unsure,,,
ev-charging,vw:id.charger_connect,vw,id.charger_connect,1,firmwareUpdateModel,ManualFlash|NoUpdatePath|OtaAutomatic|OtaUserInitiated|unsure,,,
ev-charging,vw:id.charger_connect,vw,id.charger_connect,1,formFactor,Fixed|Portable|Worn|unsure,,,
ev-charging,vw:id.charger_connect,vw,id.charger_connect,1,hasWebAdminUI,true|false|unsure,,,
ev-charging,vw:id.charger_connect,vw,id.charger_connect,1,placement,Either|Indoor|Outdoor|unsure,,,
ev-charging,vw:id.charger_connect,vw,id.charger_connect,1,supportLifetime,DeclaredLifetime|UndeclaredLifetime|unsure,,,
hub,homey:homey,homey,homey,2,actuatesPhysical,true|false|unsure,,,
hub,homey:homey,homey,homey,2,actuationConsequence,ComfortActuation|NoActuation|PropertyActuation|SafetyActuation|unsure,,,
hub,homey:homey,homey,homey,2,capturesAV,true|false|unsure,,,
hub,homey:homey,homey,homey,2,cloudDependence,CloudOptional|CloudRequired|LocalOnly|unsure,,,
hub,homey:homey,homey,homey,2,computeTier,AndroidDerived|EmbeddedLinux|McuClass|Rtos|unsure,,,
hub,homey:homey,homey,homey,2,consumerAvailability,InstallerChannel|MixedChannel|RetailConsumer|unsure,,,
hub,homey:homey,homey,homey,2,dataSensitivity,AvStreamData|BiometricData|NoData|TelemetryData|unsure,,,
hub,homey:homey,homey,homey,2,firmwareUpdateModel,ManualFlash|NoUpdatePath|OtaAutomatic|OtaUserInitiated|unsure,,,
hub,homey:homey,homey,homey,2,formFactor,Fixed|Portable|Worn|unsure,,,
hub,homey:homey,homey,homey,2,hasWebAdminUI,true|false|unsure,,,
hub,homey:homey,homey,homey,2,placement,Either|Indoor|Outdoor|unsure,,,
hub,homey:homey,homey,homey,2,supportLifetime,DeclaredLifetime|UndeclaredLifetime|unsure,,,
lighting,mystrom:wifi_button,mystrom,wifi_button,4,actuatesPhysical,true|false|unsure,,,
lighting,mystrom:wifi_button,mystrom,wifi_button,4,actuationConsequence,ComfortActuation|NoActuation|PropertyActuation|SafetyActuation|unsure,,,
lighting,mystrom:wifi_button,mystrom,wifi_button,4,capturesAV,true|false|unsure,,,
lighting,mystrom:wifi_button,mystrom,wifi_button,4,cloudDependence,CloudOptional|CloudRequired|LocalOnly|unsure,,,
lighting,mystrom:wifi_button,mystrom,wifi_button,4,computeTier,AndroidDerived|EmbeddedLinux|McuClass|Rtos|unsure,,,
lighting,mystrom:wifi_button,mystrom,wifi_button,4,consumerAvailability,InstallerChannel|MixedChannel|RetailConsumer|unsure,,,
lighting,mystrom:wifi_button,mystrom,wifi_button,4,dataSensitivity,AvStreamData|BiometricData|NoData|TelemetryData|unsure,,,
lighting,mystrom:wifi_button,mystrom,wifi_button,4,firmwareUpdateModel,ManualFlash|NoUpdatePath|OtaAutomatic|OtaUserInitiated|unsure,,,
lighting,mystrom:wifi_button,mystrom,wifi_button,4,formFactor,Fixed|Portable|Worn|unsure,,,
lighting,mystrom:wifi_button,mystrom,wifi_button,4,hasWebAdminUI,true|false|unsure,,,
lighting,mystrom:wifi_button,mystrom,wifi_button,4,placement,Either|Indoor|Outdoor|unsure,,,
lighting,mystrom:wifi_button,mystrom,wifi_button,4,supportLifetime,DeclaredLifetime|UndeclaredLifetime|unsure,,,
lighting,mystrom:wifi_button_plus,mystrom,wifi_button_plus,4,actuatesPhysical,true|false|unsure,,,
lighting,mystrom:wifi_button_plus,mystrom,wifi_button_plus,4,actuationConsequence,ComfortActuation|NoActuation|PropertyActuation|SafetyActuation|unsure,,,
lighting,mystrom:wifi_button_plus,mystrom,wifi_button_plus,4,capturesAV,true|false|unsure,,,
lighting,mystrom:wifi_button_plus,mystrom,wifi_button_plus,4,cloudDependence,CloudOptional|CloudRequired|LocalOnly|unsure,,,
lighting,mystrom:wifi_button_plus,mystrom,wifi_button_plus,4,computeTier,AndroidDerived|EmbeddedLinux|McuClass|Rtos|unsure,,,
lighting,mystrom:wifi_button_plus,mystrom,wifi_button_plus,4,consumerAvailability,InstallerChannel|MixedChannel|RetailConsumer|unsure,,,
lighting,mystrom:wifi_button_plus,mystrom,wifi_button_plus,4,dataSensitivity,AvStreamData|BiometricData|NoData|TelemetryData|unsure,,,
lighting,mystrom:wifi_button_plus,mystrom,wifi_button_plus,4,firmwareUpdateModel,ManualFlash|NoUpdatePath|OtaAutomatic|OtaUserInitiated|unsure,,,
lighting,mystrom:wifi_button_plus,mystrom,wifi_button_plus,4,formFactor,Fixed|Portable|Worn|unsure,,,
lighting,mystrom:wifi_button_plus,mystrom,wifi_button_plus,4,hasWebAdminUI,true|false|unsure,,,
lighting,mystrom:wifi_button_plus,mystrom,wifi_button_plus,4,placement,Either|Indoor|Outdoor|unsure,,,
lighting,mystrom:wifi_button_plus,mystrom,wifi_button_plus,4,supportLifetime,DeclaredLifetime|UndeclaredLifetime|unsure,,,
lighting,mystrom:wifi_led_strip,mystrom,wifi_led_strip,4,actuatesPhysical,true|false|unsure,,,
lighting,mystrom:wifi_led_strip,mystrom,wifi_led_strip,4,actuationConsequence,ComfortActuation|NoActuation|PropertyActuation|SafetyActuation|unsure,,,
lighting,mystrom:wifi_led_strip,mystrom,wifi_led_strip,4,capturesAV,true|false|unsure,,,
lighting,mystrom:wifi_led_strip,mystrom,wifi_led_strip,4,cloudDependence,CloudOptional|CloudRequired|LocalOnly|unsure,,,
lighting,mystrom:wifi_led_strip,mystrom,wifi_led_strip,4,computeTier,AndroidDerived|EmbeddedLinux|McuClass|Rtos|unsure,,,
lighting,mystrom:wifi_led_strip,mystrom,wifi_led_strip,4,consumerAvailability,InstallerChannel|MixedChannel|RetailConsumer|unsure,,,
lighting,mystrom:wifi_led_strip,mystrom,wifi_led_strip,4,dataSensitivity,AvStreamData|BiometricData|NoData|TelemetryData|unsure,,,
lighting,mystrom:wifi_led_strip,mystrom,wifi_led_strip,4,firmwareUpdateModel,ManualFlash|NoUpdatePath|OtaAutomatic|OtaUserInitiated|unsure,,,
lighting,mystrom:wifi_led_strip,mystrom,wifi_led_strip,4,formFactor,Fixed|Portable|Worn|unsure,,,
lighting,mystrom:wifi_led_strip,mystrom,wifi_led_strip,4,hasWebAdminUI,true|false|unsure,,,
lighting,mystrom:wifi_led_strip,mystrom,wifi_led_strip,4,placement,Either|Indoor|Outdoor|unsure,,,
lighting,mystrom:wifi_led_strip,mystrom,wifi_led_strip,4,supportLifetime,DeclaredLifetime|UndeclaredLifetime|unsure,,,
smartplugs,belkin:wemo_insight_smart_plug,belkin,wemo_insight_smart_plug,1,actuatesPhysical,true|false|unsure,,,
smartplugs,belkin:wemo_insight_smart_plug,belkin,wemo_insight_smart_plug,1,actuationConsequence,ComfortActuation|NoActuation|PropertyActuation|SafetyActuation|unsure,,,
smartplugs,belkin:wemo_insight_smart_plug,belkin,wemo_insight_smart_plug,1,capturesAV,true|false|unsure,,,
smartplugs,belkin:wemo_insight_smart_plug,belkin,wemo_insight_smart_plug,1,cloudDependence,CloudOptional|CloudRequired|LocalOnly|unsure,,,
smartplugs,belkin:wemo_insight_smart_plug,belkin,wemo_insight_smart_plug,1,computeTier,AndroidDerived|EmbeddedLinux|McuClass|Rtos|unsure,,,
smartplugs,belkin:wemo_insight_smart_plug,belkin,wemo_insight_smart_plug,1,consumerAvailability,InstallerChannel|MixedChannel|RetailConsumer|unsure,,,
smartplugs,belkin:wemo_insight_smart_plug,belkin,wemo_insight_smart_plug,1,dataSensitivity,AvStreamData|BiometricData|NoData|TelemetryData|unsure,,,
smartplugs,belkin:wemo_insight_smart_plug,belkin,wemo_insight_smart_plug,1,firmwareUpdateModel,ManualFlash|NoUpdatePath|OtaAutomatic|OtaUserInitiated|unsure,,,
smartplugs,belkin:wemo_insight_smart_plug,belkin,wemo_insight_smart_plug,1,formFactor,Fixed|Portable|Worn|unsure,,,
smartplugs,belkin:wemo_insight_smart_plug,belkin,wemo_insight_smart_plug,1,hasWebAdminUI,true|false|unsure,,,
smartplugs,belkin:wemo_insight_smart_plug,belkin,wemo_insight_smart_plug,1,placement,Either|Indoor|Outdoor|unsure,,,
smartplugs,belkin:wemo_insight_smart_plug,belkin,wemo_insight_smart_plug,1,supportLifetime,DeclaredLifetime|UndeclaredLifetime|unsure,,,
smartplugs,meross:mss550x,meross,mss550x,1,actuatesPhysical,true|false|unsure,,,
smartplugs,meross:mss550x,meross,mss550x,1,actuationConsequence,ComfortActuation|NoActuation|PropertyActuation|SafetyActuation|unsure,,,
smartplugs,meross:mss550x,meross,mss550x,1,capturesAV,true|false|unsure,,,
smartplugs,meross:mss550x,meross,mss550x,1,cloudDependence,CloudOptional|CloudRequired|LocalOnly|unsure,,,
smartplugs,meross:mss550x,meross,mss550x,1,computeTier,AndroidDerived|EmbeddedLinux|McuClass|Rtos|unsure,,,
smartplugs,meross:mss550x,meross,mss550x,1,consumerAvailability,InstallerChannel|MixedChannel|RetailConsumer|unsure,,,
smartplugs,meross:mss550x,meross,mss550x,1,dataSensitivity,AvStreamData|BiometricData|NoData|TelemetryData|unsure,,,
smartplugs,meross:mss550x,meross,mss550x,1,firmwareUpdateModel,ManualFlash|NoUpdatePath|OtaAutomatic|OtaUserInitiated|unsure,,,
smartplugs,meross:mss550x,meross,mss550x,1,formFactor,Fixed|Portable|Worn|unsure,,,
smartplugs,meross:mss550x,meross,mss550x,1,hasWebAdminUI,true|false|unsure,,,
smartplugs,meross:mss550x,meross,mss550x,1,placement,Either|Indoor|Outdoor|unsure,,,
smartplugs,meross:mss550x,meross,mss550x,1,supportLifetime,DeclaredLifetime|UndeclaredLifetime|unsure,,,
smartspeakers,google:home,google,home,2,actuatesPhysical,true|false|unsure,,,
smartspeakers,google:home,google,home,2,actuationConsequence,ComfortActuation|NoActuation|PropertyActuation|SafetyActuation|unsure,,,
smartspeakers,google:home,google,home,2,capturesAV,true|false|unsure,,,
smartspeakers,google:home,google,home,2,cloudDependence,CloudOptional|CloudRequired|LocalOnly|unsure,,,
smartspeakers,google:home,google,home,2,computeTier,AndroidDerived|EmbeddedLinux|McuClass|Rtos|unsure,,,
smartspeakers,google:home,google,home,2,consumerAvailability,InstallerChannel|MixedChannel|RetailConsumer|unsure,,,
smartspeakers,google:home,google,home,2,dataSensitivity,AvStreamData|BiometricData|NoData|TelemetryData|unsure,,,
smartspeakers,google:home,google,home,2,firmwareUpdateModel,ManualFlash|NoUpdatePath|OtaAutomatic|OtaUserInitiated|unsure,,,
smartspeakers,google:home,google,home,2,formFactor,Fixed|Portable|Worn|unsure,,,
smartspeakers,google:home,google,home,2,hasWebAdminUI,true|false|unsure,,,
smartspeakers,google:home,google,home,2,placement,Either|Indoor|Outdoor|unsure,,,
smartspeakers,google:home,google,home,2,supportLifetime,DeclaredLifetime|UndeclaredLifetime|unsure,,,
smartspeakers,google:nest_mini,google,nest_mini,2,actuatesPhysical,true|false|unsure,,,
smartspeakers,google:nest_mini,google,nest_mini,2,actuationConsequence,ComfortActuation|NoActuation|PropertyActuation|SafetyActuation|unsure,,,
smartspeakers,google:nest_mini,google,nest_mini,2,capturesAV,true|false|unsure,,,
smartspeakers,google:nest_mini,google,nest_mini,2,cloudDependence,CloudOptional|CloudRequired|LocalOnly|unsure,,,
smartspeakers,google:nest_mini,google,nest_mini,2,computeTier,AndroidDerived|EmbeddedLinux|McuClass|Rtos|unsure,,,
smartspeakers,google:nest_mini,google,nest_mini,2,consumerAvailability,InstallerChannel|MixedChannel|RetailConsumer|unsure,,,
smartspeakers,google:nest_mini,google,nest_mini,2,dataSensitivity,AvStreamData|BiometricData|NoData|TelemetryData|unsure,,,
smartspeakers,google:nest_mini,google,nest_mini,2,firmwareUpdateModel,ManualFlash|NoUpdatePath|OtaAutomatic|OtaUserInitiated|unsure,,,
smartspeakers,google:nest_mini,google,nest_mini,2,formFactor,Fixed|Portable|Worn|unsure,,,
smartspeakers,google:nest_mini,google,nest_mini,2,hasWebAdminUI,true|false|unsure,,,
smartspeakers,google:nest_mini,google,nest_mini,2,placement,Either|Indoor|Outdoor|unsure,,,
smartspeakers,google:nest_mini,google,nest_mini,2,supportLifetime,DeclaredLifetime|UndeclaredLifetime|unsure,,,
smartspeakers,lenovo:smart_clock_essential_with_alexa_built_in,lenovo,smart_clock_essential_with_alexa_built_in,1,actuatesPhysical,true|false|unsure,,,
smartspeakers,lenovo:smart_clock_essential_with_alexa_built_in,lenovo,smart_clock_essential_with_alexa_built_in,1,actuationConsequence,ComfortActuation|NoActuation|PropertyActuation|SafetyActuation|unsure,,,
smartspeakers,lenovo:smart_clock_essential_with_alexa_built_in,lenovo,smart_clock_essential_with_alexa_built_in,1,capturesAV,true|false|unsure,,,
smartspeakers,lenovo:smart_clock_essential_with_alexa_built_in,lenovo,smart_clock_essential_with_alexa_built_in,1,cloudDependence,CloudOptional|CloudRequired|LocalOnly|unsure,,,
smartspeakers,lenovo:smart_clock_essential_with_alexa_built_in,lenovo,smart_clock_essential_with_alexa_built_in,1,computeTier,AndroidDerived|EmbeddedLinux|McuClass|Rtos|unsure,,,
smartspeakers,lenovo:smart_clock_essential_with_alexa_built_in,lenovo,smart_clock_essential_with_alexa_built_in,1,consumerAvailability,InstallerChannel|MixedChannel|RetailConsumer|unsure,,,
smartspeakers,lenovo:smart_clock_essential_with_alexa_built_in,lenovo,smart_clock_essential_with_alexa_built_in,1,dataSensitivity,AvStreamData|BiometricData|NoData|TelemetryData|unsure,,,
smartspeakers,lenovo:smart_clock_essential_with_alexa_built_in,lenovo,smart_clock_essential_with_alexa_built_in,1,firmwareUpdateModel,ManualFlash|NoUpdatePath|OtaAutomatic|OtaUserInitiated|unsure,,,
smartspeakers,lenovo:smart_clock_essential_with_alexa_built_in,lenovo,smart_clock_essential_with_alexa_built_in,1,formFactor,Fixed|Portable|Worn|unsure,,,
smartspeakers,lenovo:smart_clock_essential_with_alexa_built_in,lenovo,smart_clock_essential_with_alexa_built_in,1,hasWebAdminUI,true|false|unsure,,,
smartspeakers,lenovo:smart_clock_essential_with_alexa_built_in,lenovo,smart_clock_essential_with_alexa_built_in,1,placement,Either|Indoor|Outdoor|unsure,,,
smartspeakers,lenovo:smart_clock_essential_with_alexa_built_in,lenovo,smart_clock_essential_with_alexa_built_in,1,supportLifetime,DeclaredLifetime|UndeclaredLifetime|unsure,,,
smartspeakers,sonos:era_100,sonos,era_100,4,actuatesPhysical,true|false|unsure,,,
smartspeakers,sonos:era_100,sonos,era_100,4,actuationConsequence,ComfortActuation|NoActuation|PropertyActuation|SafetyActuation|unsure,,,
smartspeakers,sonos:era_100,sonos,era_100,4,capturesAV,true|false|unsure,,,
smartspeakers,sonos:era_100,sonos,era_100,4,cloudDependence,CloudOptional|CloudRequired|LocalOnly|unsure,,,
smartspeakers,sonos:era_100,sonos,era_100,4,computeTier,AndroidDerived|EmbeddedLinux|McuClass|Rtos|unsure,,,
smartspeakers,sonos:era_100,sonos,era_100,4,consumerAvailability,InstallerChannel|MixedChannel|RetailConsumer|unsure,,,
smartspeakers,sonos:era_100,sonos,era_100,4,dataSensitivity,AvStreamData|BiometricData|NoData|TelemetryData|unsure,,,
smartspeakers,sonos:era_100,sonos,era_100,4,firmwareUpdateModel,ManualFlash|NoUpdatePath|OtaAutomatic|OtaUserInitiated|unsure,,,
smartspeakers,sonos:era_100,sonos,era_100,4,formFactor,Fixed|Portable|Worn|unsure,,,
smartspeakers,sonos:era_100,sonos,era_100,4,hasWebAdminUI,true|false|unsure,,,
smartspeakers,sonos:era_100,sonos,era_100,4,placement,Either|Indoor|Outdoor|unsure,,,
smartspeakers,sonos:era_100,sonos,era_100,4,supportLifetime,DeclaredLifetime|UndeclaredLifetime|unsure,,,
streaming,roku:streaming_stick_4k,roku,streaming_stick_4k,1,actuatesPhysical,true|false|unsure,,,
streaming,roku:streaming_stick_4k,roku,streaming_stick_4k,1,actuationConsequence,ComfortActuation|NoActuation|PropertyActuation|SafetyActuation|unsure,,,
streaming,roku:streaming_stick_4k,roku,streaming_stick_4k,1,capturesAV,true|false|unsure,,,
streaming,roku:streaming_stick_4k,roku,streaming_stick_4k,1,cloudDependence,CloudOptional|CloudRequired|LocalOnly|unsure,,,
streaming,roku:streaming_stick_4k,roku,streaming_stick_4k,1,computeTier,AndroidDerived|EmbeddedLinux|McuClass|Rtos|unsure,,,
streaming,roku:streaming_stick_4k,roku,streaming_stick_4k,1,consumerAvailability,InstallerChannel|MixedChannel|RetailConsumer|unsure,,,
streaming,roku:streaming_stick_4k,roku,streaming_stick_4k,1,dataSensitivity,AvStreamData|BiometricData|NoData|TelemetryData|unsure,,,
streaming,roku:streaming_stick_4k,roku,streaming_stick_4k,1,firmwareUpdateModel,ManualFlash|NoUpdatePath|OtaAutomatic|OtaUserInitiated|unsure,,,
streaming,roku:streaming_stick_4k,roku,streaming_stick_4k,1,formFactor,Fixed|Portable|Worn|unsure,,,
streaming,roku:streaming_stick_4k,roku,streaming_stick_4k,1,hasWebAdminUI,true|false|unsure,,,
streaming,roku:streaming_stick_4k,roku,streaming_stick_4k,1,placement,Either|Indoor|Outdoor|unsure,,,
streaming,roku:streaming_stick_4k,roku,streaming_stick_4k,1,supportLifetime,DeclaredLifetime|UndeclaredLifetime|unsure,,,
streaming,samsung:x14h,samsung,x14h,1,actuatesPhysical,true|false|unsure,,,
streaming,samsung:x14h,samsung,x14h,1,actuationConsequence,ComfortActuation|NoActuation|PropertyActuation|SafetyActuation|unsure,,,
streaming,samsung:x14h,samsung,x14h,1,capturesAV,true|false|unsure,,,
streaming,samsung:x14h,samsung,x14h,1,cloudDependence,CloudOptional|CloudRequired|LocalOnly|unsure,,,
streaming,samsung:x14h,samsung,x14h,1,computeTier,AndroidDerived|EmbeddedLinux|McuClass|Rtos|unsure,,,
streaming,samsung:x14h,samsung,x14h,1,consumerAvailability,InstallerChannel|MixedChannel|RetailConsumer|unsure,,,
streaming,samsung:x14h,samsung,x14h,1,dataSensitivity,AvStreamData|BiometricData|NoData|TelemetryData|unsure,,,
streaming,samsung:x14h,samsung,x14h,1,firmwareUpdateModel,ManualFlash|NoUpdatePath|OtaAutomatic|OtaUserInitiated|unsure,,,
streaming,samsung:x14h,samsung,x14h,1,formFactor,Fixed|Portable|Worn|unsure,,,
streaming,samsung:x14h,samsung,x14h,1,hasWebAdminUI,true|false|unsure,,,
streaming,samsung:x14h,samsung,x14h,1,placement,Either|Indoor|Outdoor|unsure,,,
streaming,samsung:x14h,samsung,x14h,1,supportLifetime,DeclaredLifetime|UndeclaredLifetime|unsure,,,
streaming,sony:kd-43xe7000,sony,kd-43xe7000,3,actuatesPhysical,true|false|unsure,,,
streaming,sony:kd-43xe7000,sony,kd-43xe7000,3,actuationConsequence,ComfortActuation|NoActuation|PropertyActuation|SafetyActuation|unsure,,,
streaming,sony:kd-43xe7000,sony,kd-43xe7000,3,capturesAV,true|false|unsure,,,
streaming,sony:kd-43xe7000,sony,kd-43xe7000,3,cloudDependence,CloudOptional|CloudRequired|LocalOnly|unsure,,,
streaming,sony:kd-43xe7000,sony,kd-43xe7000,3,computeTier,AndroidDerived|EmbeddedLinux|McuClass|Rtos|unsure,,,
streaming,sony:kd-43xe7000,sony,kd-43xe7000,3,consumerAvailability,InstallerChannel|MixedChannel|RetailConsumer|unsure,,,
streaming,sony:kd-43xe7000,sony,kd-43xe7000,3,dataSensitivity,AvStreamData|BiometricData|NoData|TelemetryData|unsure,,,
streaming,sony:kd-43xe7000,sony,kd-43xe7000,3,firmwareUpdateModel,ManualFlash|NoUpdatePath|OtaAutomatic|OtaUserInitiated|unsure,,,
streaming,sony:kd-43xe7000,sony,kd-43xe7000,3,formFactor,Fixed|Portable|Worn|unsure,,,
streaming,sony:kd-43xe7000,sony,kd-43xe7000,3,hasWebAdminUI,true|false|unsure,,,
streaming,sony:kd-43xe7000,sony,kd-43xe7000,3,placement,Either|Indoor|Outdoor|unsure,,,
streaming,sony:kd-43xe7000,sony,kd-43xe7000,3,supportLifetime,DeclaredLifetime|UndeclaredLifetime|unsure,,,
streaming,sony:kd-43xe7093,sony,kd-43xe7093,3,actuatesPhysical,true|false|unsure,,,
streaming,sony:kd-43xe7093,sony,kd-43xe7093,3,actuationConsequence,ComfortActuation|NoActuation|PropertyActuation|SafetyActuation|unsure,,,
streaming,sony:kd-43xe7093,sony,kd-43xe7093,3,capturesAV,true|false|unsure,,,
streaming,sony:kd-43xe7093,sony,kd-43xe7093,3,cloudDependence,CloudOptional|CloudRequired|LocalOnly|unsure,,,
streaming,sony:kd-43xe7093,sony,kd-43xe7093,3,computeTier,AndroidDerived|EmbeddedLinux|McuClass|Rtos|unsure,,,
streaming,sony:kd-43xe7093,sony,kd-43xe7093,3,consumerAvailability,InstallerChannel|MixedChannel|RetailConsumer|unsure,,,
streaming,sony:kd-43xe7093,sony,kd-43xe7093,3,dataSensitivity,AvStreamData|BiometricData|NoData|TelemetryData|unsure,,,
streaming,sony:kd-43xe7093,sony,kd-43xe7093,3,firmwareUpdateModel,ManualFlash|NoUpdatePath|OtaAutomatic|OtaUserInitiated|unsure,,,
streaming,sony:kd-43xe7093,sony,kd-43xe7093,3,formFactor,Fixed|Portable|Worn|unsure,,,
streaming,sony:kd-43xe7093,sony,kd-43xe7093,3,hasWebAdminUI,true|false|unsure,,,
streaming,sony:kd-43xe7093,sony,kd-43xe7093,3,placement,Either|Indoor|Outdoor|unsure,,,
streaming,sony:kd-43xe7093,sony,kd-43xe7093,3,supportLifetime,DeclaredLifetime|UndeclaredLifetime|unsure,,,
streaming,sony:kd-49xe7005,sony,kd-49xe7005,3,actuatesPhysical,true|false|unsure,,,
streaming,sony:kd-49xe7005,sony,kd-49xe7005,3,actuationConsequence,ComfortActuation|NoActuation|PropertyActuation|SafetyActuation|unsure,,,
streaming,sony:kd-49xe7005,sony,kd-49xe7005,3,capturesAV,true|false|unsure,,,
streaming,sony:kd-49xe7005,sony,kd-49xe7005,3,cloudDependence,CloudOptional|CloudRequired|LocalOnly|unsure,,,
streaming,sony:kd-49xe7005,sony,kd-49xe7005,3,computeTier,AndroidDerived|EmbeddedLinux|McuClass|Rtos|unsure,,,
streaming,sony:kd-49xe7005,sony,kd-49xe7005,3,consumerAvailability,InstallerChannel|MixedChannel|RetailConsumer|unsure,,,
streaming,sony:kd-49xe7005,sony,kd-49xe7005,3,dataSensitivity,AvStreamData|BiometricData|NoData|TelemetryData|unsure,,,
streaming,sony:kd-49xe7005,sony,kd-49xe7005,3,firmwareUpdateModel,ManualFlash|NoUpdatePath|OtaAutomatic|OtaUserInitiated|unsure,,,
streaming,sony:kd-49xe7005,sony,kd-49xe7005,3,formFactor,Fixed|Portable|Worn|unsure,,,
streaming,sony:kd-49xe7005,sony,kd-49xe7005,3,hasWebAdminUI,true|false|unsure,,,
streaming,sony:kd-49xe7005,sony,kd-49xe7005,3,placement,Either|Indoor|Outdoor|unsure,,,
streaming,sony:kd-49xe7005,sony,kd-49xe7005,3,supportLifetime,DeclaredLifetime|UndeclaredLifetime|unsure,,,
streaming,sony:kdl-65w850c,sony,kdl-65w850c,2,actuatesPhysical,true|false|unsure,,,
streaming,sony:kdl-65w850c,sony,kdl-65w850c,2,actuationConsequence,ComfortActuation|NoActuation|PropertyActuation|SafetyActuation|unsure,,,
streaming,sony:kdl-65w850c,sony,kdl-65w850c,2,capturesAV,true|false|unsure,,,
streaming,sony:kdl-65w850c,sony,kdl-65w850c,2,cloudDependence,CloudOptional|CloudRequired|LocalOnly|unsure,,,
streaming,sony:kdl-65w850c,sony,kdl-65w850c,2,computeTier,AndroidDerived|EmbeddedLinux|McuClass|Rtos|unsure,,,
streaming,sony:kdl-65w850c,sony,kdl-65w850c,2,consumerAvailability,InstallerChannel|MixedChannel|RetailConsumer|unsure,,,
streaming,sony:kdl-65w850c,sony,kdl-65w850c,2,dataSensitivity,AvStreamData|BiometricData|NoData|TelemetryData|unsure,,,
streaming,sony:kdl-65w850c,sony,kdl-65w850c,2,firmwareUpdateModel,ManualFlash|NoUpdatePath|OtaAutomatic|OtaUserInitiated|unsure,,,
streaming,sony:kdl-65w850c,sony,kdl-65w850c,2,formFactor,Fixed|Portable|Worn|unsure,,,
streaming,sony:kdl-65w850c,sony,kdl-65w850c,2,hasWebAdminUI,true|false|unsure,,,
streaming,sony:kdl-65w850c,sony,kdl-65w850c,2,placement,Either|Indoor|Outdoor|unsure,,,
streaming,sony:kdl-65w850c,sony,kdl-65w850c,2,supportLifetime,DeclaredLifetime|UndeclaredLifetime|unsure,,,
streaming,sony:xbr-55x809c,sony,xbr-55x809c,2,actuatesPhysical,true|false|unsure,,,
streaming,sony:xbr-55x809c,sony,xbr-55x809c,2,actuationConsequence,ComfortActuation|NoActuation|PropertyActuation|SafetyActuation|unsure,,,
streaming,sony:xbr-55x809c,sony,xbr-55x809c,2,capturesAV,true|false|unsure,,,
streaming,sony:xbr-55x809c,sony,xbr-55x809c,2,cloudDependence,CloudOptional|CloudRequired|LocalOnly|unsure,,,
streaming,sony:xbr-55x809c,sony,xbr-55x809c,2,computeTier,AndroidDerived|EmbeddedLinux|McuClass|Rtos|unsure,,,
streaming,sony:xbr-55x809c,sony,xbr-55x809c,2,consumerAvailability,InstallerChannel|MixedChannel|RetailConsumer|unsure,,,
streaming,sony:xbr-55x809c,sony,xbr-55x809c,2,dataSensitivity,AvStreamData|BiometricData|NoData|TelemetryData|unsure,,,
streaming,sony:xbr-55x809c,sony,xbr-55x809c,2,firmwareUpdateModel,ManualFlash|NoUpdatePath|OtaAutomatic|OtaUserInitiated|unsure,,,
streaming,sony:xbr-55x809c,sony,xbr-55x809c,2,formFactor,Fixed|Portable|Worn|unsure,,,
streaming,sony:xbr-55x809c,sony,xbr-55x809c,2,hasWebAdminUI,true|false|unsure,,,
streaming,sony:xbr-55x809c,sony,xbr-55x809c,2,placement,Either|Indoor|Outdoor|unsure,,,
streaming,sony:xbr-55x809c,sony,xbr-55x809c,2,supportLifetime,DeclaredLifetime|UndeclaredLifetime|unsure,,,
streaming,sony:xbr-65x930c,sony,xbr-65x930c,2,actuatesPhysical,true|false|unsure,,,
streaming,sony:xbr-65x930c,sony,xbr-65x930c,2,actuationConsequence,ComfortActuation|NoActuation|PropertyActuation|SafetyActuation|unsure,,,
streaming,sony:xbr-65x930c,sony,xbr-65x930c,2,capturesAV,true|false|unsure,,,
streaming,sony:xbr-65x930c,sony,xbr-65x930c,2,cloudDependence,CloudOptional|CloudRequired|LocalOnly|unsure,,,
streaming,sony:xbr-65x930c,sony,xbr-65x930c,2,computeTier,AndroidDerived|EmbeddedLinux|McuClass|Rtos|unsure,,,
streaming,sony:xbr-65x930c,sony,xbr-65x930c,2,consumerAvailability,InstallerChannel|MixedChannel|RetailConsumer|unsure,,,
streaming,sony:xbr-65x930c,sony,xbr-65x930c,2,dataSensitivity,AvStreamData|BiometricData|NoData|TelemetryData|unsure,,,
streaming,sony:xbr-65x930c,sony,xbr-65x930c,2,firmwareUpdateModel,ManualFlash|NoUpdatePath|OtaAutomatic|OtaUserInitiated|unsure,,,
streaming,sony:xbr-65x930c,sony,xbr-65x930c,2,formFactor,Fixed|Portable|Worn|unsure,,,
streaming,sony:xbr-65x930c,sony,xbr-65x930c,2,hasWebAdminUI,true|false|unsure,,,
streaming,sony:xbr-65x930c,sony,xbr-65x930c,2,placement,Either|Indoor|Outdoor|unsure,,,
streaming,sony:xbr-65x930c,sony,xbr-65x930c,2,supportLifetime,DeclaredLifetime|UndeclaredLifetime|unsure,,,
streaming,sony:xbr-75x850d,sony,xbr-75x850d,2,actuatesPhysical,true|false|unsure,,,
streaming,sony:xbr-75x850d,sony,xbr-75x850d,2,actuationConsequence,ComfortActuation|NoActuation|PropertyActuation|SafetyActuation|unsure,,,
streaming,sony:xbr-75x850d,sony,xbr-75x850d,2,capturesAV,true|false|unsure,,,
streaming,sony:xbr-75x850d,sony,xbr-75x850d,2,cloudDependence,CloudOptional|CloudRequired|LocalOnly|unsure,,,
streaming,sony:xbr-75x850d,sony,xbr-75x850d,2,computeTier,AndroidDerived|EmbeddedLinux|McuClass|Rtos|unsure,,,
streaming,sony:xbr-75x850d,sony,xbr-75x850d,2,consumerAvailability,InstallerChannel|MixedChannel|RetailConsumer|unsure,,,
streaming,sony:xbr-75x850d,sony,xbr-75x850d,2,dataSensitivity,AvStreamData|BiometricData|NoData|TelemetryData|unsure,,,
streaming,sony:xbr-75x850d,sony,xbr-75x850d,2,firmwareUpdateModel,ManualFlash|NoUpdatePath|OtaAutomatic|OtaUserInitiated|unsure,,,
streaming,sony:xbr-75x850d,sony,xbr-75x850d,2,formFactor,Fixed|Portable|Worn|unsure,,,
streaming,sony:xbr-75x850d,sony,xbr-75x850d,2,hasWebAdminUI,true|false|unsure,,,
streaming,sony:xbr-75x850d,sony,xbr-75x850d,2,placement,Either|Indoor|Outdoor|unsure,,,
streaming,sony:xbr-75x850d,sony,xbr-75x850d,2,supportLifetime,DeclaredLifetime|UndeclaredLifetime|unsure,,,
