category,facet,n_devices,n_answered,n_unsure,modal_value_product,modal_share_product,modal_value_cve,modal_share_cve,weighting_divergence,verdict
alarms,actuatesPhysical,40,40,0,true,0.775,true,0.862,,summary-defensible
alarms,actuationConsequence,40,40,0,PropertyActuation,0.775,PropertyActuation,0.862,,summary-defensible
alarms,capturesAV,40,40,0,false,0.950,false,0.574,,NOT-USABLE-report-distribution
alarms,cloudDependence,40,38,2,CloudRequired,0.474,CloudRequired,0.630,,grouping-only
alarms,computeTier,40,31,9,McuClass,0.806,EmbeddedLinux,0.627,differs,grouping-only
alarms,consumerAvailability,40,40,0,RetailConsumer,0.775,RetailConsumer,0.766,,grouping-only
alarms,dataSensitivity,40,40,0,TelemetryData,0.925,TelemetryData,0.564,,NOT-USABLE-report-distribution
alarms,firmwareUpdateModel,40,39,1,NoUpdatePath,0.769,OtaAutomatic,0.516,differs,NOT-USABLE-report-distribution
alarms,formFactor,40,40,0,Fixed,0.925,Fixed,0.926,,summary-defensible
alarms,hasWebAdminUI,40,40,0,false,0.950,false,0.894,,summary-defensible
alarms,placement,40,37,3,Indoor,0.973,Indoor,0.989,,summary-defensible
alarms,supportLifetime,40,39,1,UndeclaredLifetime,1.000,UndeclaredLifetime,1.000,,summary-defensible
cameras,actuatesPhysical,40,40,0,false,0.975,false,0.978,,summary-defensible
cameras,actuationConsequence,40,40,0,NoActuation,0.975,NoActuation,0.978,,summary-defensible
cameras,capturesAV,40,40,0,true,0.575,true,0.591,,NOT-USABLE-report-distribution
cameras,cloudDependence,40,40,0,CloudOptional,0.950,CloudOptional,0.935,,summary-defensible
cameras,computeTier,40,40,0,EmbeddedLinux,1.000,EmbeddedLinux,1.000,,summary-defensible
cameras,consumerAvailability,40,40,0,InstallerChannel,0.500,MixedChannel,0.581,differs,NOT-USABLE-report-distribution
cameras,dataSensitivity,40,40,0,AvStreamData,0.975,AvStreamData,0.978,,summary-defensible
cameras,firmwareUpdateModel,40,40,0,ManualFlash,0.925,ManualFlash,0.903,,summary-defensible
cameras,formFactor,40,40,0,Fixed,1.000,Fixed,1.000,,summary-defensible
cameras,hasWebAdminUI,40,40,0,true,0.975,true,0.946,,summary-defensible
cameras,placement,40,40,0,Indoor,0.575,Indoor,0.624,,grouping-only
cameras,supportLifetime,40,40,0,UndeclaredLifetime,1.000,UndeclaredLifetime,1.000,,summary-defensible
doorbell,actuatesPhysical,28,23,5,true,0.696,true,0.800,,summary-defensible
doorbell,actuationConsequence,28,23,5,PropertyActuation,0.696,PropertyActuation,0.800,,summary-defensible
doorbell,capturesAV,28,19,9,true,0.842,true,0.900,,summary-defensible
doorbell,cloudDependence,28,28,0,CloudOptional,0.571,CloudOptional,0.764,,grouping-only
doorbell,computeTier,28,24,4,EmbeddedLinux,0.792,EmbeddedLinux,0.882,,summary-defensible
doorbell,consumerAvailability,28,28,0,InstallerChannel,0.750,InstallerChannel,0.836,,summary-defensible
doorbell,dataSensitivity,28,28,0,AvStreamData,0.857,AvStreamData,0.855,,summary-defensible
doorbell,firmwareUpdateModel,28,28,0,ManualFlash,0.750,ManualFlash,0.836,,summary-defensible
doorbell,formFactor,28,28,0,Fixed,1.000,Fixed,1.000,,summary-defensible
doorbell,hasWebAdminUI,28,28,0,true,0.607,true,0.782,,grouping-only
doorbell,placement,28,23,5,Outdoor,0.913,Outdoor,0.933,,summary-defensible
doorbell,supportLifetime,28,28,0,UndeclaredLifetime,0.929,UndeclaredLifetime,0.964,,summary-defensible
doorlock,actuatesPhysical,20,20,0,true,0.700,true,0.760,,grouping-only
doorlock,actuationConsequence,20,20,0,PropertyActuation,0.700,PropertyActuation,0.760,,grouping-only
doorlock,capturesAV,20,20,0,false,1.000,false,1.000,,summary-defensible
doorlock,cloudDependence,20,13,7,LocalOnly,0.385,CloudRequired,0.389,differs,NOT-USABLE-report-distribution
doorlock,computeTier,20,16,4,McuClass,1.000,McuClass,1.000,,summary-defensible
doorlock,consumerAvailability,20,15,5,RetailConsumer,0.867,RetailConsumer,0.900,,summary-defensible
doorlock,dataSensitivity,20,14,6,TelemetryData,0.714,TelemetryData,0.737,,grouping-only
doorlock,firmwareUpdateModel,20,10,10,OtaUserInitiated,0.400,OtaAutomatic,0.538,differs,NOT-USABLE-report-distribution
doorlock,formFactor,20,15,5,Fixed,0.933,Fixed,0.950,,summary-defensible
doorlock,hasWebAdminUI,20,20,0,false,1.000,false,1.000,,summary-defensible
doorlock,placement,20,13,7,Outdoor,0.615,Outdoor,0.529,,NOT-USABLE-report-distribution
doorlock,supportLifetime,20,15,5,UndeclaredLifetime,1.000,UndeclaredLifetime,1.000,,summary-defensible
ev-charging,actuatesPhysical,36,36,0,true,1.000,true,1.000,,summary-defensible
ev-charging,actuationConsequence,36,36,0,SafetyActuation,1.000,SafetyActuation,1.000,,summary-defensible
ev-charging,capturesAV,36,36,0,false,1.000,false,1.000,,summary-defensible
ev-charging,cloudDependence,36,36,0,CloudOptional,0.806,CloudOptional,0.824,,summary-defensible
ev-charging,computeTier,36,35,1,EmbeddedLinux,1.000,EmbeddedLinux,1.000,,summary-defensible
ev-charging,consumerAvailability,36,36,0,InstallerChannel,0.861,InstallerChannel,0.882,,summary-defensible
ev-charging,dataSensitivity,36,36,0,TelemetryData,1.000,TelemetryData,1.000,,summary-defensible
ev-charging,firmwareUpdateModel,36,36,0,OtaUserInitiated,0.778,OtaUserInitiated,0.813,,summary-defensible
ev-charging,formFactor,36,36,0,Fixed,1.000,Fixed,1.000,,summary-defensible
ev-charging,hasWebAdminUI,36,36,0,true,0.583,true,0.738,,grouping-only
ev-charging,placement,36,36,0,Either,0.944,Either,0.807,,summary-defensible
ev-charging,supportLifetime,36,36,0,DeclaredLifetime,0.611,DeclaredLifetime,0.733,,grouping-only
hub,actuatesPhysical,18,18,0,false,1.000,false,1.000,,summary-defensible
hub,actuationConsequence,18,18,0,NoActuation,1.000,NoActuation,1.000,,summary-defensible
hub,capturesAV,18,18,0,false,1.000,false,1.000,,summary-defensible
hub,cloudDependence,18,16,2,CloudOptional,0.750,CloudRequired,0.676,differs,grouping-only
hub,computeTier,18,18,0,EmbeddedLinux,0.889,EmbeddedLinux,0.988,,summary-defensible
hub,consumerAvailability,18,16,2,RetailConsumer,0.688,RetailConsumer,0.918,,summary-defensible
hub,dataSensitivity,18,16,2,TelemetryData,1.000,TelemetryData,1.000,,summary-defensible
hub,firmwareUpdateModel,18,16,2,OtaAutomatic,0.562,OtaAutomatic,0.765,,grouping-only
hub,formFactor,18,16,2,Fixed,1.000,Fixed,1.000,,summary-defensible
hub,hasWebAdminUI,18,18,0,true,0.722,true,0.924,,summary-defensible
hub,placement,18,16,2,Indoor,1.000,Indoor,1.000,,summary-defensible
hub,supportLifetime,18,16,2,UndeclaredLifetime,0.938,UndeclaredLifetime,0.994,,summary-defensible
lighting,actuatesPhysical,14,14,0,true,0.786,true,0.727,,grouping-only
lighting,actuationConsequence,14,14,0,ComfortActuation,0.714,ComfortActuation,0.697,,grouping-only
lighting,capturesAV,14,14,0,false,1.000,false,1.000,,summary-defensible
lighting,cloudDependence,14,14,0,CloudOptional,0.571,CloudOptional,0.636,,grouping-only
lighting,computeTier,14,6,8,McuClass,0.833,McuClass,0.917,,summary-defensible
lighting,consumerAvailability,14,14,0,RetailConsumer,0.929,RetailConsumer,0.970,,summary-defensible
lighting,dataSensitivity,14,14,0,TelemetryData,1.000,TelemetryData,1.000,,summary-defensible
lighting,firmwareUpdateModel,14,14,0,OtaUserInitiated,0.857,OtaUserInitiated,0.939,,summary-defensible
lighting,formFactor,14,14,0,Fixed,0.786,Fixed,0.727,,grouping-only
lighting,hasWebAdminUI,14,14,0,false,0.643,true,0.545,differs,NOT-USABLE-report-distribution
lighting,placement,14,14,0,Indoor,0.929,Indoor,0.970,,summary-defensible
lighting,supportLifetime,14,14,0,UndeclaredLifetime,1.000,UndeclaredLifetime,1.000,,summary-defensible
smartplugs,actuatesPhysical,14,14,0,true,1.000,true,1.000,,summary-defensible
smartplugs,actuationConsequence,14,14,0,ComfortActuation,0.857,ComfortActuation,0.875,,summary-defensible
smartplugs,capturesAV,14,14,0,false,1.000,false,1.000,,summary-defensible
smartplugs,cloudDependence,14,14,0,CloudRequired,0.571,CloudRequired,0.625,,grouping-only
smartplugs,computeTier,14,8,6,EmbeddedLinux,0.750,EmbeddedLinux,0.750,,grouping-only
smartplugs,consumerAvailability,14,14,0,RetailConsumer,0.929,RetailConsumer,0.938,,summary-defensible
smartplugs,dataSensitivity,14,14,0,TelemetryData,1.000,TelemetryData,1.000,,summary-defensible
smartplugs,firmwareUpdateModel,14,13,1,OtaUserInitiated,0.615,OtaUserInitiated,0.533,,NOT-USABLE-report-distribution
smartplugs,formFactor,14,14,0,Fixed,1.000,Fixed,1.000,,summary-defensible
smartplugs,hasWebAdminUI,14,14,0,false,1.000,false,1.000,,summary-defensible
smartplugs,placement,14,14,0,Indoor,1.000,Indoor,1.000,,summary-defensible
smartplugs,supportLifetime,14,14,0,UndeclaredLifetime,1.000,UndeclaredLifetime,1.000,,summary-defensible
smartspeakers,actuatesPhysical,22,22,0,false,1.000,false,1.000,,summary-defensible
smartspeakers,actuationConsequence,22,22,0,NoActuation,1.000,NoActuation,1.000,,summary-defensible
smartspeakers,capturesAV,22,22,0,true,0.909,true,0.951,,summary-defensible
smartspeakers,cloudDependence,22,22,0,CloudRequired,0.818,CloudRequired,0.585,,NOT-USABLE-report-distribution
smartspeakers,computeTier,22,20,2,EmbeddedLinux,0.800,EmbeddedLinux,0.897,,summary-defensible
smartspeakers,consumerAvailability,22,22,0,RetailConsumer,1.000,RetailConsumer,1.000,,summary-defensible
smartspeakers,dataSensitivity,22,22,0,AvStreamData,0.909,AvStreamData,0.951,,summary-defensible
smartspeakers,firmwareUpdateModel,22,22,0,OtaAutomatic,1.000,OtaAutomatic,1.000,,summary-defensible
smartspeakers,formFactor,22,21,1,Fixed,0.952,Fixed,0.975,,summary-defensible
smartspeakers,hasWebAdminUI,22,22,0,false,0.818,false,0.585,,NOT-USABLE-report-distribution
smartspeakers,placement,22,22,0,Indoor,1.000,Indoor,1.000,,summary-defensible
smartspeakers,supportLifetime,22,22,0,DeclaredLifetime,0.500,UndeclaredLifetime,0.610,differs,grouping-only
streaming,actuatesPhysical,40,40,0,false,1.000,false,1.000,,summary-defensible
streaming,actuationConsequence,40,40,0,NoActuation,1.000,NoActuation,1.000,,summary-defensible
streaming,capturesAV,40,40,0,false,1.000,false,1.000,,summary-defensible
streaming,cloudDependence,40,40,0,CloudOptional,0.950,CloudOptional,0.977,,summary-defensible
streaming,computeTier,40,40,0,AndroidDerived,0.575,AndroidDerived,0.621,,grouping-only
streaming,consumerAvailability,40,40,0,RetailConsumer,1.000,RetailConsumer,1.000,,summary-defensible
streaming,dataSensitivity,40,40,0,TelemetryData,1.000,TelemetryData,1.000,,summary-defensible
streaming,firmwareUpdateModel,40,40,0,OtaAutomatic,0.800,OtaAutomatic,0.747,,grouping-only
streaming,formFactor,40,40,0,Fixed,1.000,Fixed,1.000,,summary-defensible
streaming,hasWebAdminUI,40,40,0,false,1.000,false,1.000,,summary-defensible
streaming,placement,40,40,0,Indoor,1.000,Indoor,1.000,,summary-defensible
streaming,supportLifetime,40,40,0,UndeclaredLifetime,1.000,UndeclaredLifetime,1.000,,summary-defensible
