slug,facet,cpe_vendors
airconditioner,computeTier,midea
airconditioner,supportLifetime,midea
airpurifier,cloudDependence,dyson
airpurifier,firmwareUpdateModel,dyson
airpurifier,patchResponsibility,dyson
airpurifier,supportLifetime,dyson
alarms,actuatesPhysical,anker|eufy
alarms,adminModel,anker|eufy|goabode|qolsys
alarms,cloudDependence,anker|eufy|goabode|ring
alarms,computeTier,goabode|qolsys
alarms,consumerAvailability,anker|eufy|goabode|ring
alarms,hasWebAdminUI,anker|eufy|goabode|qolsys
alarms,supportLifetime,anker|assaabloy|eufy|konnected|yale
appliances,adminModel,bsh
appliances,cloudDependence,bsh
appliances,credentialModel,bsh
appliances,supportLifetime,bosch|samsung
babymonitor,adminModel,d-link|dlink
babymonitor,capturesAV,d-link|dlink|nanit
babymonitor,computeTier,d-link|dlink
babymonitor,credentialModel,d-link|dlink
babymonitor,dataSensitivity,nanit
babymonitor,firmwareUpdateModel,d-link|dlink
babymonitor,hasWebAdminUI,d-link|dlink
babymonitor,supportLifetime,motorola|nanit
cameras,adminModel,d-link|dlink|hikvision|reolink
cameras,alsoDeployedIn,dahuasecurity
cameras,cloudDependence,reolink
cameras,computeTier,d-link|dlink|hikvision|reolink
cameras,credentialModel,
cameras,firmwareUpdateModel,d-link|dlink|hikvision|reolink
cameras,hasWebAdminUI,d-link|dlink|hikvision|reolink
cameras,pairingModel,hikvision|reolink
cameras,patchResponsibility,reolink
cameras,supportLifetime,dahuasecurity|reolink|tapo|tp-link
cameras,topology,hikvision|reolink
doorbell,adminModel,akuvox|ring
doorbell,alsoDeployedIn,akuvox
doorbell,capturesAV,akuvox|ring
doorbell,credentialModel,akuvox|ring
doorbell,dataSensitivity,ring
doorbell,firmwareUpdateModel,akuvox
doorbell,hasWebAdminUI,akuvox
doorbell,pairingModel,ring
doorbell,patchResponsibility,akuvox
doorbell,supportLifetime,reolink|ring
doorbell,topology,akuvox
doorlock,actuatesPhysical,assaabloy|yale
doorlock,adminModel,assaabloy|geniecompany|tinxy|yale
doorlock,computeTier,august
doorlock,credentialModel,geniecompany
doorlock,hasWebAdminUI,assaabloy|yale
doorlock,pairingModel,geniecompany|silabs
doorlock,patchResponsibility,assaabloy|yale
doorlock,supportLifetime,aqara|assaabloy|yale
doorlock,topology,geniecompany|silabs
ev-charging,adminModel,schneider-electric|wallbox
ev-charging,cloudDependence,easee|schneider-electric
ev-charging,computeTier,easee|schneider-electric
ev-charging,consumerAvailability,schneider-electric
ev-charging,firmwareUpdateModel,myenergi|schneider-electric|wallbox
ev-charging,hasWebAdminUI,easee|schneider-electric
ev-charging,pairingModel,wallbox
ev-charging,patchResponsibility,myenergi|schneider-electric
ev-charging,supportLifetime,myenergi
fans,firmwareUpdateModel,dyson
fans,supportLifetime,dyson
fridge,computeTier,samsung
fridge,supportLifetime,samsung
garden,adminModel,ecovacs|rainmachine
garden,capturesAV,ecovacs
garden,cloudDependence,rainmachine
garden,computeTier,rainmachine
garden,credentialModel,ecovacs|rainmachine
garden,firmwareUpdateModel,ecovacs
garden,hasWebAdminUI,rainmachine
garden,pairingModel,ecovacs|rainmachine
garden,patchResponsibility,ecovacs
garden,supportLifetime,husqvarna|ring
garden,topology,ecovacs|rainmachine
home-power,adminModel,enphase|victronenergy
home-power,alsoDeployedIn,enphase
home-power,cloudDependence,enphase
home-power,computeTier,enphase|victron|victronenergy
home-power,consumerAvailability,
home-power,credentialModel,victronenergy
home-power,firmwareUpdateModel,enphase
home-power,hasWebAdminUI,enphase
home-power,pairingModel,enphase|victronenergy
home-power,patchResponsibility,enphase|victronenergy
home-power,supportLifetime,victron|victronenergy
home-power,topology,enphase|victronenergy
hub,adminModel,hubitat|insteon|samsung
hub,cloudDependence,hubitat|insteon|samsung
hub,computeTier,hubitat|insteon|samsung
hub,firmwareUpdateModel,insteon|samsung
hub,hasWebAdminUI,hubitat|insteon
hub,pairingModel,silabs
hub,patchResponsibility,insteon|samsung
hub,supportLifetime,aqara|tapo|tp-link
lighting,adminModel,philips
lighting,cloudDependence,philips|signify
lighting,computeTier,philips|signify
lighting,credentialModel,philips
lighting,firmwareUpdateModel,philips
lighting,pairingModel,philips|tapo|tp-link
lighting,patchResponsibility,philips
lighting,supportLifetime,philips|signify
lighting,topology,philips|tapo|tp-link
pet,actuatesPhysical,furbo|petcube
pet,adminModel,furbo|petcube
pet,capturesAV,furbo|petcube
pet,cloudDependence,furbo|petcube
pet,computeTier,furbo
pet,credentialModel,furbo|petcube
pet,dataSensitivity,furbo|petcube
pet,firmwareUpdateModel,furbo|petcube
pet,hasWebAdminUI,furbo|petcube
pet,pairingModel,furbo
pet,patchResponsibility,furbo|petcube
pet,supportLifetime,furbo
pet,topology,furbo
robotvacuum,adminModel,ecovacs|roborock
robotvacuum,capturesAV,ecovacs|roborock
robotvacuum,computeTier,ecovacs
robotvacuum,credentialModel,ecovacs
robotvacuum,dataSensitivity,ecovacs|roborock
robotvacuum,firmwareUpdateModel,ecovacs
robotvacuum,hasWebAdminUI,roborock
robotvacuum,pairingModel,ecovacs
robotvacuum,patchResponsibility,ecovacs
robotvacuum,supportLifetime,roborock
robotvacuum,topology,ecovacs
sensors,computeTier,aqara
sensors,firmwareUpdateModel,aqara
sensors,supportLifetime,aqara|bosch
shades,supportLifetime,somfy
sleeptracker,cloudDependence,withings
sleeptracker,credentialModel,withings
sleeptracker,dataSensitivity,withings
sleeptracker,supportLifetime,withings
smartplugs,actuatesPhysical,tapo|tp-link
smartplugs,adminModel,belkin|tapo|tp-link
smartplugs,computeTier,belkin
smartplugs,consumerAvailability,tapo|tp-link
smartplugs,credentialModel,belkin
smartplugs,hasWebAdminUI,tapo|tp-link
smartplugs,pairingModel,belkin
smartplugs,patchResponsibility,belkin
smartplugs,supportLifetime,tapo|tp-link
smartplugs,topology,belkin
smartspeakers,adminModel,sonos
smartspeakers,capturesAV,amazon|sonos
smartspeakers,credentialModel,sonos
smartspeakers,dataSensitivity,amazon
smartspeakers,firmwareUpdateModel,amazon|google|sonos
smartspeakers,pairingModel,sonos
smartspeakers,patchResponsibility,amazon|sonos
smartspeakers,supportLifetime,amazon|google|sonos
smartspeakers,topology,sonos
streaming,computeTier,amazon
streaming,credentialModel,amazon|google
streaming,firmwareUpdateModel,amazon
streaming,patchResponsibility,amazon
streaming,supportLifetime,amazon|google
thermostat,adminModel,ecobee
thermostat,alsoDeployedIn,ecobee
thermostat,firmwareUpdateModel,ecobee|google|trane
thermostat,patchResponsibility,ecobee|google|trane
thermostat,supportLifetime,bosch|google
