slug,facet,n_cves,cited_vendors,cited_share,top_uncited_vendor,top_uncited_share,verdict
airconditioner,computeTier,5,midea,,,,unmeasurable
airconditioner,supportLifetime,5,midea,,,,unmeasurable
airpurifier,cloudDependence,2,dyson,,,,unmeasurable
airpurifier,firmwareUpdateModel,2,dyson,,,,unmeasurable
airpurifier,patchResponsibility,2,dyson,,,,unmeasurable
airpurifier,supportLifetime,2,dyson,,,,unmeasurable
alarms,actuatesPhysical,89,anker|eufy,0.000,goabode,0.449,below-floor
alarms,adminModel,89,anker|eufy|goabode|qolsys,0.472,abus,0.090,representative
alarms,cloudDependence,89,anker|eufy|goabode|ring,0.449,abus,0.090,representative
alarms,computeTier,89,goabode|qolsys,0.472,abus,0.090,representative
alarms,consumerAvailability,89,anker|eufy|goabode|ring,0.449,abus,0.090,representative
alarms,hasWebAdminUI,89,anker|eufy|goabode|qolsys,0.472,abus,0.090,representative
alarms,supportLifetime,89,anker|assaabloy|eufy|konnected|yale,0.000,goabode,0.449,regulation
appliances,adminModel,3,bsh,,,,unmeasurable
appliances,cloudDependence,3,bsh,,,,unmeasurable
appliances,credentialModel,3,bsh,,,,unmeasurable
appliances,supportLifetime,3,bosch|samsung,,,,unmeasurable
babymonitor,adminModel,18,d-link|dlink,0.444,ibaby,0.111,representative
babymonitor,capturesAV,18,d-link|dlink|nanit,0.444,ibaby,0.111,representative
babymonitor,computeTier,18,d-link|dlink,0.444,ibaby,0.111,representative
babymonitor,credentialModel,18,d-link|dlink,0.444,ibaby,0.111,representative
babymonitor,dataSensitivity,18,nanit,0.000,dlink,0.444,below-floor
babymonitor,firmwareUpdateModel,18,d-link|dlink,0.444,ibaby,0.111,representative
babymonitor,hasWebAdminUI,18,d-link|dlink,0.444,ibaby,0.111,representative
babymonitor,supportLifetime,18,motorola|nanit,0.000,dlink,0.444,regulation
cameras,adminModel,885,d-link|dlink|hikvision|reolink,0.221,foscam,0.073,representative
cameras,alsoDeployedIn,885,dahuasecurity,0.034,reolink,0.116,below-floor
cameras,cloudDependence,885,reolink,0.116,dlink,0.086,representative
cameras,computeTier,885,d-link|dlink|hikvision|reolink,0.221,foscam,0.073,representative
cameras,credentialModel,885,,0.000,reolink,0.116,regulation
cameras,firmwareUpdateModel,885,d-link|dlink|hikvision|reolink,0.221,foscam,0.073,representative
cameras,hasWebAdminUI,885,d-link|dlink|hikvision|reolink,0.221,foscam,0.073,representative
cameras,pairingModel,885,hikvision|reolink,0.131,dlink,0.086,representative
cameras,patchResponsibility,885,reolink,0.116,dlink,0.086,representative
cameras,supportLifetime,885,dahuasecurity|reolink|tapo|tp-link,0.203,dlink,0.086,regulation
cameras,topology,885,hikvision|reolink,0.131,dlink,0.086,representative
doorbell,capturesAV,45,ring,0.022,akuvox,0.356,below-floor
doorbell,dataSensitivity,45,ring,0.022,akuvox,0.356,below-floor
doorbell,supportLifetime,45,reolink|ring,0.089,akuvox,0.356,regulation
doorlock,actuatesPhysical,36,assaabloy|yale,0.028,oklok_project,0.111,below-floor
doorlock,adminModel,36,assaabloy|yale,0.028,oklok_project,0.111,below-floor
doorlock,computeTier,36,august,0.028,oklok_project,0.111,below-floor
doorlock,hasWebAdminUI,36,assaabloy|yale,0.028,oklok_project,0.111,below-floor
doorlock,patchResponsibility,36,assaabloy|yale,0.028,oklok_project,0.111,below-floor
doorlock,supportLifetime,36,aqara|assaabloy|yale,0.028,oklok_project,0.111,regulation
ev-charging,adminModel,71,schneider-electric|wallbox,0.296,chargepoint,0.155,representative
ev-charging,cloudDependence,71,easee|schneider-electric,0.296,chargepoint,0.155,representative
ev-charging,computeTier,71,easee|schneider-electric,0.296,chargepoint,0.155,representative
ev-charging,consumerAvailability,71,schneider-electric,0.296,chargepoint,0.155,regulation
ev-charging,firmwareUpdateModel,71,myenergi|schneider-electric|wallbox,0.296,chargepoint,0.155,representative
ev-charging,hasWebAdminUI,71,easee|schneider-electric,0.296,chargepoint,0.155,representative
ev-charging,pairingModel,71,wallbox,0.000,schneider-electric,0.296,below-floor
ev-charging,patchResponsibility,71,myenergi|schneider-electric,0.296,chargepoint,0.155,representative
ev-charging,supportLifetime,71,myenergi,0.000,schneider-electric,0.296,regulation
fans,firmwareUpdateModel,1,dyson,,,,unmeasurable
fans,supportLifetime,1,dyson,,,,unmeasurable
fridge,computeTier,3,samsung,,,,unmeasurable
fridge,supportLifetime,3,samsung,,,,unmeasurable
garden,adminModel,19,rainmachine,0.316,ecovacs,0.421,below-floor
garden,cloudDependence,19,rainmachine,0.316,ecovacs,0.421,below-floor
garden,computeTier,19,rainmachine,0.316,ecovacs,0.421,below-floor
garden,hasWebAdminUI,19,rainmachine,0.316,ecovacs,0.421,below-floor
garden,supportLifetime,19,husqvarna|ring,0.000,ecovacs,0.421,regulation
home-power,adminModel,45,enphase,0.289,sma,0.267,representative
home-power,cloudDependence,45,enphase,0.289,sma,0.267,representative
home-power,computeTier,45,enphase|victron|victronenergy,0.311,sma,0.267,representative
home-power,consumerAvailability,45,,0.000,enphase,0.289,regulation
home-power,hasWebAdminUI,45,enphase,0.289,sma,0.267,representative
home-power,supportLifetime,45,victron|victronenergy,0.022,enphase,0.289,regulation
hub,adminModel,247,hubitat|insteon|samsung,0.611,getvera,0.057,representative
hub,cloudDependence,247,hubitat|insteon|samsung,0.611,getvera,0.057,representative
hub,computeTier,247,hubitat|insteon|samsung,0.611,getvera,0.057,representative
hub,firmwareUpdateModel,247,insteon|samsung,0.611,getvera,0.057,representative
hub,hasWebAdminUI,247,hubitat|insteon,0.449,samsung,0.162,representative
hub,pairingModel,247,silabs,0.012,insteon,0.449,regulation
hub,patchResponsibility,247,insteon|samsung,0.611,getvera,0.057,representative
hub,supportLifetime,247,aqara|tapo|tp-link,0.045,insteon,0.449,regulation
lighting,cloudDependence,34,philips|signify,0.382,mystrom,0.147,representative
lighting,computeTier,34,philips|signify,0.382,mystrom,0.147,representative
lighting,supportLifetime,34,philips|signify,0.382,mystrom,0.147,regulation
pet,actuatesPhysical,35,furbo|petcube,0.514,skymee,0.257,representative
pet,adminModel,35,petcube,0.000,furbo,0.514,below-floor
pet,capturesAV,35,furbo|petcube,0.514,skymee,0.257,representative
pet,cloudDependence,35,furbo|petcube,0.514,skymee,0.257,representative
pet,computeTier,35,furbo,0.514,skymee,0.257,representative
pet,credentialModel,35,petcube,0.000,furbo,0.514,below-floor
pet,dataSensitivity,35,furbo|petcube,0.514,skymee,0.257,representative
pet,firmwareUpdateModel,35,petcube,0.000,furbo,0.514,below-floor
pet,hasWebAdminUI,35,furbo|petcube,0.514,skymee,0.257,representative
pet,patchResponsibility,35,petcube,0.000,furbo,0.514,below-floor
robotvacuum,adminModel,27,roborock,0.000,ecovacs,0.444,below-floor
robotvacuum,capturesAV,27,ecovacs|roborock,0.444,neatorobotics,0.259,representative
robotvacuum,computeTier,27,ecovacs,0.444,neatorobotics,0.259,representative
robotvacuum,dataSensitivity,27,ecovacs|roborock,0.444,neatorobotics,0.259,representative
robotvacuum,firmwareUpdateModel,27,ecovacs,0.444,neatorobotics,0.259,representative
robotvacuum,hasWebAdminUI,27,roborock,0.000,ecovacs,0.444,below-floor
robotvacuum,supportLifetime,27,roborock,0.000,ecovacs,0.444,regulation
sensors,computeTier,4,aqara,,,,unmeasurable
sensors,firmwareUpdateModel,4,aqara,,,,unmeasurable
sensors,supportLifetime,4,aqara|bosch,,,,unmeasurable
shades,supportLifetime,0,somfy,,,,unmeasurable
sleeptracker,cloudDependence,0,withings,,,,unmeasurable
sleeptracker,credentialModel,0,withings,,,,unmeasurable
sleeptracker,dataSensitivity,0,withings,,,,unmeasurable
sleeptracker,supportLifetime,0,withings,,,,unmeasurable
smartplugs,actuatesPhysical,37,tapo|tp-link,0.189,belkin,0.297,below-floor
smartplugs,adminModel,37,tapo|tp-link,0.189,belkin,0.297,below-floor
smartplugs,computeTier,37,belkin,0.297,tp-link,0.189,representative
smartplugs,consumerAvailability,37,tapo|tp-link,0.189,belkin,0.297,below-floor
smartplugs,hasWebAdminUI,37,tapo|tp-link,0.189,belkin,0.297,below-floor
smartplugs,supportLifetime,37,tapo|tp-link,0.189,belkin,0.297,regulation
smartspeakers,capturesAV,38,amazon,0.105,sonos,0.421,below-floor
smartspeakers,dataSensitivity,38,amazon,0.105,sonos,0.421,below-floor
smartspeakers,firmwareUpdateModel,38,amazon|google,0.184,sonos,0.421,below-floor
smartspeakers,patchResponsibility,38,amazon,0.105,sonos,0.421,below-floor
smartspeakers,supportLifetime,38,amazon|google,0.184,sonos,0.421,regulation
streaming,computeTier,76,amazon,0.079,apple,0.434,below-floor
streaming,credentialModel,76,amazon|google,0.197,apple,0.434,below-floor
streaming,firmwareUpdateModel,76,amazon,0.079,apple,0.434,below-floor
streaming,patchResponsibility,76,amazon,0.079,apple,0.434,below-floor
streaming,supportLifetime,76,amazon|google,0.197,apple,0.434,regulation
thermostat,firmwareUpdateModel,18,ecobee|google|trane,0.389,shelly,0.111,representative
thermostat,patchResponsibility,18,ecobee|google|trane,0.389,shelly,0.111,representative
thermostat,supportLifetime,18,bosch|google,0.000,ecobee,0.222,regulation
